opponent,venue,result,win_before_team1,lose_before_team1,draw_before_team1,win_before_team2,lose_before_team2,draw_before_team2,formation_team1,formation_team2,round,attendance,referee,date_time,history_team1_win_team2,history_team1_draw_team2,history_team1_lose_team2,is_opponent_big6
Aston Villa,Home,L,0.0,0.0,0.0,0.0,0.0,0.0,4-2-3-1,4-3-3,Matchweek 1,60003.0,Anthony Taylor,2013-08-17 00:00:00,0.0,0.0,0.0,0
Fulham,Away,W,0.0,1.0,0.0,1.0,0.0,0.0,4-2-3-1,4-4-1-1,Matchweek 2,25622.0,Howard Webb,2013-08-24 00:00:00,0.0,0.0,0.0,0
Tottenham Hotspur,Home,W,0.5,0.5,0.0,1.0,0.0,0.0,4-2-3-1,4-2-3-1,Matchweek 3,60071.0,Michael Oliver,2013-09-01 00:00:00,0.0,0.0,0.0,1
Sunderland,Away,W,0.6666666666666666,0.3333333333333333,0.0,0.0,0.6666666666666666,0.3333333333333333,4-2-3-1,4-2-3-1,Matchweek 4,39055.0,Martin Atkinson,2013-09-14 00:00:00,0.0,0.0,0.0,0
Stoke City,Home,W,0.75,0.25,0.0,0.5,0.25,0.25,4-2-3-1,4-2-3-1,Matchweek 5,60002.0,Mike Dean,2013-09-22 00:00:00,0.0,0.0,0.0,0
Swansea City,Away,W,0.8,0.2,0.0,0.25,0.5,0.25,4-2-3-1,4-2-3-1,Matchweek 6,20712.0,Mark Clattenburg,2013-09-28 00:00:00,0.0,0.0,0.0,0
West Bromwich Albion,Away,D,1.0,0.0,0.0,0.25,0.25,0.5,4-2-3-1,4-2-3-1,Matchweek 7,24839.0,Lee Mason,2013-10-06 00:00:00,0.0,0.0,0.0,0
Norwich City,Home,W,0.8,0.0,0.2,0.2,0.6,0.2,4-2-3-1,4-2-3-1,Matchweek 8,60009.0,Lee Probert,2013-10-19 00:00:00,0.0,0.0,0.0,0
Crystal Palace,Away,W,0.8,0.0,0.2,0.0,1.0,0.0,4-2-3-1,4-5-1,Matchweek 9,20050.0,Chris Foy,2013-10-26 00:00:00,0.0,0.0,0.0,0
Liverpool,Home,W,0.8,0.0,0.2,0.6,0.2,0.2,4-2-3-1,3-5-2,Matchweek 10,60042.0,Martin Atkinson,2013-11-02 00:00:00,0.0,0.0,0.0,1
Manchester United,Away,L,0.8,0.0,0.2,0.6,0.2,0.2,4-2-3-1,4-2-3-1,Matchweek 11,75138.0,Michael Oliver,2013-11-10 00:00:00,0.0,0.0,0.0,1
Southampton,Home,W,0.6,0.2,0.2,0.6,0.0,0.4,4-2-3-1,4-2-3-1,Matchweek 12,60007.0,Mark Clattenburg,2013-11-23 00:00:00,0.0,0.0,0.0,0
Cardiff City,Away,W,0.8,0.2,0.0,0.2,0.6,0.2,4-2-3-1,4-2-3-1,Matchweek 13,27948.0,Lee Mason,2013-11-30 00:00:00,0.0,0.0,0.0,0
Hull City,Home,W,0.8,0.2,0.0,0.2,0.8,0.0,4-2-3-1,4-2-3-1,Matchweek 14,60017.0,Andre Marriner,2013-12-04 00:00:00,0.0,0.0,0.0,0
Everton,Home,D,0.8,0.2,0.0,0.4,0.0,0.6,4-2-3-1,4-2-3-1,Matchweek 15,60001.0,Howard Webb,2013-12-08 00:00:00,0.0,0.0,0.0,0
Manchester City,Away,L,0.6,0.2,0.2,0.6,0.2,0.2,4-2-3-1,4-4-2,Matchweek 16,47229.0,Martin Atkinson,2013-12-14 00:00:00,0.0,0.0,0.0,1
Chelsea,Home,D,0.6,0.2,0.2,0.8,0.2,0.0,4-2-3-1,4-3-3,Matchweek 17,60039.0,Mike Dean,2013-12-23 00:00:00,0.0,0.0,0.0,1
West Ham United,Away,W,0.4,0.2,0.4,0.2,0.6,0.2,4-2-3-1,4-2-3-1,Matchweek 18,34977.0,Phil Dowd,2013-12-26 00:00:00,0.0,0.0,0.0,0
Newcastle United,Away,W,0.4,0.2,0.4,0.6,0.2,0.2,4-2-3-1,4-2-3-1,Matchweek 19,52161.0,Lee Probert,2013-12-29 00:00:00,0.0,0.0,0.0,0
Cardiff City,Home,W,0.4,0.2,0.4,0.0,0.8,0.2,4-2-3-1,4-2-3-1,Matchweek 20,60004.0,Jon Moss,2014-01-01 00:00:00,1.0,0.0,0.0,0
Aston Villa,Away,W,0.6,0.2,0.2,0.2,0.6,0.2,4-2-3-1,3-5-1-1,Matchweek 21,36097.0,Neil Swarbrick,2014-01-13 00:00:00,0.0,0.0,1.0,0
Fulham,Home,W,0.8,0.0,0.2,0.4,0.6,0.0,4-2-3-1,4-2-3-1,Matchweek 22,60000.0,Lee Probert,2014-01-18 00:00:00,1.0,0.0,0.0,0
Southampton,Away,D,1.0,0.0,0.0,0.4,0.4,0.2,4-2-3-1,4-2-3-1,Matchweek 23,31284.0,Lee Mason,2014-01-28 00:00:00,1.0,0.0,0.0,0
Crystal Palace,Home,W,0.8,0.0,0.2,0.4,0.4,0.2,4-2-3-1,4-4-2,Matchweek 24,60005.0,Jon Moss,2014-02-02 00:00:00,1.0,0.0,0.0,0
Liverpool,Away,L,0.8,0.0,0.2,0.6,0.0,0.4,4-2-3-1,4-3-3,Matchweek 25,44701.0,Michael Oliver,2014-02-08 00:00:00,1.0,0.0,0.0,1
Manchester United,Home,D,0.6,0.2,0.2,0.4,0.4,0.2,4-2-3-1,4-2-3-1,Matchweek 26,60021.0,Mark Clattenburg,2014-02-12 00:00:00,0.0,0.0,1.0,1
Sunderland,Home,W,0.4,0.2,0.4,0.6,0.2,0.2,4-2-3-1,4-2-3-1,Matchweek 27,60012.0,Andre Marriner,2014-02-22 00:00:00,1.0,0.0,0.0,0
Stoke City,Away,L,0.4,0.2,0.4,0.2,0.6,0.2,4-2-3-1,4-2-3-1,Matchweek 28,26711.0,Mike Jones,2014-03-01 00:00:00,1.0,0.0,0.0,0
Tottenham Hotspur,Away,W,0.4,0.4,0.2,0.6,0.4,0.0,4-2-3-1,4-5-1,Matchweek 30,35711.0,Mike Dean,2014-03-16 00:00:00,1.0,0.0,0.0,1
Chelsea,Away,L,0.4,0.4,0.2,0.6,0.2,0.2,4-2-3-1,4-2-3-1,Matchweek 31,41614.0,Andre Marriner,2014-03-22 00:00:00,0.0,1.0,0.0,1
Swansea City,Home,D,0.4,0.4,0.2,0.2,0.6,0.2,4-2-3-1,4-2-3-1,Matchweek 29,59937.0,Lee Probert,2014-03-25 00:00:00,1.0,0.0,0.0,0
Manchester City,Home,D,0.4,0.4,0.2,0.8,0.0,0.2,4-2-3-1,4-2-3-1,Matchweek 32,60060.0,Mike Dean,2014-03-29 00:00:00,0.0,0.0,1.0,1
Everton,Away,L,0.2,0.4,0.4,1.0,0.0,0.0,4-2-3-1,4-2-3-1,Matchweek 33,39504.0,Martin Atkinson,2014-04-06 00:00:00,0.0,1.0,0.0,0
West Ham United,Home,W,0.2,0.4,0.4,0.4,0.6,0.0,4-2-3-1,4-3-3,Matchweek 34,59977.0,Kevin Friend,2014-04-15 00:00:00,1.0,0.0,0.0,0
Hull City,Away,W,0.2,0.4,0.4,0.0,0.8,0.2,4-2-3-1,4-2-3-1,Matchweek 35,24762.0,Jon Moss,2014-04-20 00:00:00,1.0,0.0,0.0,0
Newcastle United,Home,W,0.4,0.2,0.4,0.0,1.0,0.0,4-2-3-1,4-2-3-1,Matchweek 36,60023.0,Neil Swarbrick,2014-04-28 00:00:00,1.0,0.0,0.0,0
West Bromwich Albion,Home,W,0.6,0.2,0.2,0.2,0.4,0.4,4-2-3-1,4-2-3-1,Matchweek 37,60021.0,Mike Jones,2014-05-04 00:00:00,0.0,1.0,0.0,0
Norwich City,Away,W,0.8,0.2,0.0,0.0,0.8,0.2,4-2-3-1,4-2-3-1,Matchweek 38,26848.0,Lee Mason,2014-05-11 00:00:00,1.0,0.0,0.0,0
Crystal Palace,Home,W,0.0,0.0,0.0,0.0,0.0,0.0,4-1-4-1,4-4-1-1,Matchweek 1,59962.0,Jonathan Moss,2014-08-16 17:30:00,1.0,0.0,0.0,0
Everton,Away,D,1.0,0.0,0.0,0.0,0.0,1.0,4-1-4-1,4-2-3-1,Matchweek 2,39490.0,Kevin Friend,2014-08-23 17:30:00,0.0,0.5,0.5,0
Leicester City,Away,D,0.5,0.0,0.5,0.0,0.5,0.5,4-1-4-1,4-4-2,Matchweek 3,31535.0,Anthony Taylor,2014-08-31 16:00:00,0.0,0.0,0.0,0
Manchester City,Home,D,0.3333333333333333,0.0,0.6666666666666666,0.6666666666666666,0.3333333333333333,0.0,4-1-4-1,4-2-3-1,Matchweek 4,60003.0,Mark Clattenburg,2014-09-13 12:45:00,0.0,0.5,0.5,1
Aston Villa,Away,W,0.25,0.0,0.75,0.75,0.0,0.25,4-2-3-1,4-5-1,Matchweek 5,40013.0,Mike Jones,2014-09-20 15:00:00,0.5,0.0,0.5,0
Tottenham Hotspur,Home,D,0.4,0.0,0.6,0.4,0.4,0.2,4-1-4-1,4-2-3-1,Matchweek 6,59900.0,Michael Oliver,2014-09-27 17:30:00,1.0,0.0,0.0,1
Chelsea,Away,L,0.2,0.0,0.8,0.8,0.0,0.2,4-1-4-1,4-2-3-1,Matchweek 7,41607.0,Martin Atkinson,2014-10-05 14:05:00,0.0,0.5,0.5,1
Hull City,Home,D,0.2,0.2,0.6,0.2,0.4,0.4,4-1-4-1,4-1-4-1,Matchweek 8,60004.0,Roger East,2014-10-18 15:00:00,1.0,0.0,0.0,0
Sunderland,Away,W,0.2,0.2,0.6,0.0,0.3333333333333333,0.6666666666666666,4-2-3-1,4-2-3-1,Matchweek 9,44449.0,Kevin Friend,2014-10-25 15:00:00,1.0,0.0,0.0,0
Burnley,Home,W,0.4,0.2,0.4,0.0,0.4,0.6,4-2-3-1,4-2-3-1,Matchweek 10,60012.0,Craig Pawson,2014-11-01 15:00:00,0.0,0.0,0.0,0
Swansea City,Away,L,0.4,0.2,0.4,0.2,0.4,0.4,4-2-3-1,4-2-3-1,Matchweek 11,20812.0,Philip Dowd,2014-11-09 16:00:00,0.5,0.5,0.0,0
Manchester United,Home,L,0.4,0.4,0.2,0.4,0.2,0.4,4-2-3-1,3-4-1-2,Matchweek 12,60074.0,Mike Dean,2014-11-22 17:30:00,0.0,0.5,0.5,1
West Bromwich Albion,Away,W,0.4,0.4,0.2,0.2,0.4,0.4,4-2-3-1,4-2-3-1,Matchweek 13,24228.0,Chris Foy,2014-11-29 12:45:00,0.5,0.5,0.0,0
Southampton,Home,W,0.6,0.4,0.0,0.6,0.2,0.2,4-2-3-1,4-3-3,Matchweek 14,60025.0,Andre Marriner,2014-12-03 19:45:00,0.5,0.5,0.0,0
Stoke City,Away,L,0.6,0.4,0.0,0.2,0.6,0.2,4-2-3-1,4-2-3-1,Matchweek 15,27367.0,Anthony Taylor,2014-12-06 15:00:00,0.5,0.0,0.5,0
Newcastle United,Home,W,0.4,0.6,0.0,0.6,0.2,0.2,4-2-3-1,4-2-3-1,Matchweek 16,59949.0,Lee Mason,2014-12-13 17:30:00,1.0,0.0,0.0,0
Liverpool,Away,D,0.6,0.4,0.0,0.4,0.4,0.2,4-3-3,3-4-3,Matchweek 17,44703.0,Michael Oliver,2014-12-21 16:00:00,0.5,0.0,0.5,1
QPR,Home,W,0.6,0.2,0.2,0.2,0.6,0.2,4-3-3,4-3-3,Matchweek 18,59947.0,Martin Atkinson,2014-12-26 17:30:00,0.0,0.0,0.0,0
West Ham United,Away,W,0.6,0.2,0.2,0.6,0.2,0.2,4-2-3-1,4-1-2-1-2,Matchweek 19,34977.0,Niel Swarbrick,2014-12-28 15:00:00,1.0,0.0,0.0,0
Southampton,Away,L,0.6,0.2,0.2,0.4,0.4,0.2,4-2-3-1,4-2-3-1,Matchweek 20,31492.0,Craig Pawson,2015-01-01 15:00:00,0.6666666666666666,0.3333333333333333,0.0,0
Stoke City,Home,W,0.6,0.2,0.2,0.4,0.2,0.4,4-2-3-1,4-2-3-1,Matchweek 21,59956.0,Jonathan Moss,2015-01-11 13:30:00,0.3333333333333333,0.0,0.6666666666666666,0
Manchester City,Away,W,0.6,0.2,0.2,0.6,0.0,0.4,4-1-4-1,4-2-3-1,Matchweek 22,45596.0,Mike Dean,2015-01-18 16:00:00,0.0,0.6666666666666666,0.3333333333333333,1
Aston Villa,Home,W,0.8,0.2,0.0,0.0,0.6,0.4,4-2-3-1,4-3-3,Matchweek 23,59958.0,Anthony Taylor,2015-02-01 13:30:00,0.6666666666666666,0.0,0.3333333333333333,0
Tottenham Hotspur,Away,L,0.8,0.2,0.0,0.6,0.2,0.2,4-3-3,4-2-3-1,Matchweek 24,35659.0,Martin Atkinson,2015-02-07 12:45:00,0.6666666666666666,0.3333333333333333,0.0,1
Leicester City,Home,W,0.6,0.4,0.0,0.2,0.6,0.2,4-3-3,5-4-1,Matchweek 25,60032.0,Mike Jones,2015-02-10 19:45:00,0.0,1.0,0.0,0
Crystal Palace,Away,W,0.8,0.2,0.0,0.6,0.2,0.2,4-2-3-1,4-1-4-1,Matchweek 26,24721.0,Mark Clattenburg,2015-02-21 15:00:00,1.0,0.0,0.0,0
Everton,Home,W,0.8,0.2,0.0,0.2,0.2,0.6,4-2-3-1,4-3-3,Matchweek 27,59925.0,Andre Marriner,2015-03-01 14:05:00,0.0,0.6666666666666666,0.3333333333333333,0
QPR,Away,W,0.8,0.2,0.0,0.0,0.8,0.2,4-3-3,4-3-3,Matchweek 28,17977.0,Kevin Friend,2015-03-04 19:45:00,1.0,0.0,0.0,0
West Ham United,Home,W,0.8,0.2,0.0,0.0,0.4,0.6,4-2-3-1,4-2-3-1,Matchweek 29,60002.0,Chris Foy,2015-03-14 15:00:00,1.0,0.0,0.0,0
Newcastle United,Away,W,1.0,0.0,0.0,0.2,0.6,0.2,4-2-3-1,4-2-3-1,Matchweek 30,50544.0,Mike Jones,2015-03-21 15:00:00,1.0,0.0,0.0,0
Liverpool,Home,W,1.0,0.0,0.0,0.8,0.2,0.0,4-2-3-1,3-4-3,Matchweek 31,60081.0,Anthony Taylor,2015-04-04 12:45:00,0.3333333333333333,0.3333333333333333,0.3333333333333333,1
Burnley,Away,W,1.0,0.0,0.0,0.2,0.4,0.4,4-2-3-1,4-2-3-1,Matchweek 32,20615.0,Mike Dean,2015-04-11 17:30:00,1.0,0.0,0.0,0
Chelsea,Home,D,1.0,0.0,0.0,0.8,0.0,0.2,4-2-3-1,4-2-3-1,Matchweek 34,60066.0,Michael Oliver,2015-04-26 16:00:00,0.0,0.3333333333333333,0.6666666666666666,1
Hull City,Away,W,0.8,0.0,0.2,0.4,0.4,0.2,4-2-3-1,4-2-3-1,Matchweek 35,23628.0,Lee Mason,2015-05-04 20:00:00,0.6666666666666666,0.3333333333333333,0.0,0
Swansea City,Home,L,0.8,0.0,0.2,0.4,0.4,0.2,4-2-3-1,4-2-3-1,Matchweek 36,59989.0,Kevin Friend,2015-05-11 20:00:00,0.3333333333333333,0.3333333333333333,0.3333333333333333,0
Manchester United,Away,D,0.6,0.2,0.2,0.4,0.6,0.0,4-2-3-1,4-1-4-1,Matchweek 37,75323.0,Mike Dean,2015-05-17 16:00:00,0.0,0.3333333333333333,0.6666666666666666,1
Sunderland,Home,D,0.4,0.2,0.4,0.6,0.2,0.2,4-2-3-1,4-2-3-1,Matchweek 33,59987.0,Anthony Taylor,2015-05-20 19:45:00,1.0,0.0,0.0,0
West Bromwich Albion,Home,W,0.2,0.2,0.6,0.6,0.0,0.4,4-2-3-1,4-2-3-1,Matchweek 38,59971.0,Robert Madley,2015-05-24 15:00:00,0.6666666666666666,0.3333333333333333,0.0,0
West Ham United,Home,L,0.0,0.0,0.0,0.0,0.0,0.0,4-2-3-1,4-3-3,Matchweek 1,59996.0,Martin Atkinson,2015-08-09 13:30:00,1.0,0.0,0.0,0
Crystal Palace,Away,W,0.0,1.0,0.0,1.0,0.0,0.0,4-2-3-1,4-5-1,Matchweek 2,24732.0,Lee Mason,2015-08-16 13:30:00,1.0,0.0,0.0,0
Liverpool,Home,D,0.5,0.5,0.0,1.0,0.0,0.0,4-2-3-1,4-3-3,Matchweek 3,60080.0,Michael Oliver,2015-08-24 20:00:00,0.5,0.25,0.25,1
Newcastle United,Away,W,0.3333333333333333,0.3333333333333333,0.3333333333333333,0.0,0.3333333333333333,0.6666666666666666,4-2-3-1,4-2-3-1,Matchweek 4,50388.0,Andre Marriner,2015-08-29 12:45:00,1.0,0.0,0.0,0
Stoke City,Home,W,0.5,0.25,0.25,0.0,0.5,0.5,4-2-3-1,4-2-3-1,Matchweek 5,59963.0,Jonathan Moss,2015-09-12 15:00:00,0.5,0.0,0.5,0
Chelsea,Away,L,0.6,0.2,0.2,0.2,0.6,0.2,4-2-3-1,4-2-3-1,Matchweek 6,41584.0,Mike Dean,2015-09-19 12:45:00,0.0,0.5,0.5,1
Leicester City,Away,W,0.6,0.2,0.2,0.4,0.0,0.6,4-2-3-1,4-4-2,Matchweek 7,32047.0,Craig Pawson,2015-09-26 15:00:00,0.5,0.5,0.0,0
Manchester United,Home,W,0.6,0.2,0.2,0.6,0.2,0.2,4-2-3-1,4-2-3-1,Matchweek 8,60084.0,Anthony Taylor,2015-10-04 16:00:00,0.0,0.5,0.5,1
Watford,Away,W,0.8,0.2,0.0,0.2,0.4,0.4,4-2-3-1,4-2-3-1,Matchweek 9,20721.0,Mike Jones,2015-10-17 17:30:00,0.0,0.0,0.0,0
Everton,Home,W,0.8,0.2,0.0,0.4,0.2,0.4,4-2-3-1,4-2-3-1,Matchweek 10,59985.0,Lee Mason,2015-10-24 17:30:00,0.25,0.5,0.25,0
Swansea City,Away,W,0.8,0.2,0.0,0.4,0.2,0.4,4-2-3-1,4-2-3-1,Matchweek 11,20937.0,Kevin Friend,2015-10-31 15:00:00,0.25,0.25,0.5,0
Tottenham Hotspur,Home,D,1.0,0.0,0.0,0.6,0.0,0.4,4-2-3-1,4-2-3-1,Matchweek 12,60060.0,Martin Atkinson,2015-11-08 16:00:00,0.5,0.25,0.25,1
West Bromwich Albion,Away,L,0.8,0.0,0.2,0.2,0.8,0.0,4-2-3-1,4-2-3-1,Matchweek 13,24343.0,Mark Clattenburg,2015-11-21 15:00:00,0.75,0.25,0.0,0
Norwich City,Away,D,0.6,0.2,0.2,0.0,0.8,0.2,4-2-3-1,4-2-3-1,Matchweek 14,27091.0,Jonathan Moss,2015-11-29 16:15:00,1.0,0.0,0.0,0
Sunderland,Home,W,0.4,0.2,0.4,0.4,0.4,0.2,4-2-3-1,4-2-3-1,Matchweek 15,59937.0,Robert Madley,2015-12-05 15:00:00,0.75,0.25,0.0,0
Aston Villa,Away,W,0.4,0.2,0.4,0.0,0.6,0.4,4-2-3-1,4-2-3-1,Matchweek 16,33285.0,Kevin Friend,2015-12-13 13:30:00,0.75,0.0,0.25,0
Manchester City,Home,W,0.4,0.2,0.4,0.4,0.4,0.2,4-2-3-1,4-4-1-1,Matchweek 17,60053.0,Andre Marriner,2015-12-21 20:00:00,0.25,0.5,0.25,1
Southampton,Away,L,0.6,0.2,0.2,0.0,0.8,0.2,4-2-3-1,4-2-3-1,Matchweek 18,31669.0,Jonathan Moss,2015-12-26 19:45:00,0.5,0.25,0.25,0
Bournemouth,Home,W,0.6,0.2,0.2,0.6,0.0,0.4,4-2-3-1,4-1-4-1,Matchweek 19,59983.0,Roger East,2015-12-28 17:30:00,0.0,0.0,0.0,0
Newcastle United,Home,W,0.8,0.2,0.0,0.4,0.4,0.2,4-2-3-1,4-2-3-1,Matchweek 20,59257.0,Anthony Taylor,2016-01-02 15:00:00,1.0,0.0,0.0,0
Liverpool,Away,D,0.8,0.2,0.0,0.4,0.4,0.2,4-2-3-1,4-3-3,Matchweek 21,44109.0,Mike Jones,2016-01-13 20:00:00,0.4,0.4,0.2,1
Stoke City,Away,D,0.6,0.2,0.2,0.6,0.2,0.2,4-2-3-1,4-2-3-1,Matchweek 22,27683.0,Craig Pawson,2016-01-17 16:15:00,0.6,0.0,0.4,0
Chelsea,Home,L,0.4,0.2,0.4,0.2,0.0,0.8,4-2-3-1,4-2-3-1,Matchweek 23,60072.0,Mark Clattenburg,2016-01-24 16:00:00,0.0,0.4,0.6,1
Southampton,Home,D,0.4,0.2,0.4,0.6,0.4,0.0,4-2-3-1,4-2-3-1,Matchweek 24,60044.0,Lee Mason,2016-02-02 19:45:00,0.4,0.2,0.4,0
Bournemouth,Away,W,0.2,0.2,0.6,0.4,0.2,0.4,4-2-3-1,4-1-4-1,Matchweek 25,11357.0,Kevin Friend,2016-02-07 13:30:00,1.0,0.0,0.0,0
Leicester City,Home,W,0.2,0.2,0.6,0.8,0.0,0.2,4-2-3-1,4-4-2,Matchweek 26,60009.0,Martin Atkinson,2016-02-14 12:00:00,0.6666666666666666,0.3333333333333333,0.0,0
Manchester United,Away,L,0.4,0.2,0.4,0.4,0.4,0.2,4-2-3-1,4-1-4-1,Matchweek 27,75329.0,Craig Pawson,2016-02-28 14:05:00,0.2,0.4,0.4,1
Swansea City,Home,L,0.4,0.4,0.2,0.2,0.6,0.2,4-2-3-1,4-2-3-1,Matchweek 28,59905.0,Robert Madley,2016-03-02 19:45:00,0.4,0.2,0.4,0
Tottenham Hotspur,Away,D,0.4,0.4,0.2,0.8,0.2,0.0,4-2-3-1,4-2-3-1,Matchweek 29,35762.0,Michael Oliver,2016-03-05 12:45:00,0.4,0.4,0.2,1
Everton,Away,W,0.4,0.4,0.2,0.6,0.4,0.0,4-2-3-1,4-2-3-1,Matchweek 31,39270.0,Mark Clattenburg,2016-03-19 12:45:00,0.4,0.4,0.2,0
Watford,Home,W,0.4,0.4,0.2,0.2,0.6,0.2,4-2-3-1,4-2-3-1,Matchweek 32,59981.0,Anthony Taylor,2016-04-02 15:00:00,1.0,0.0,0.0,0
West Ham United,Away,D,0.4,0.4,0.2,0.6,0.0,0.4,4-2-3-1,3-4-3,Matchweek 33,34977.0,Craig Pawson,2016-04-09 12:45:00,0.8,0.0,0.2,0
Crystal Palace,Home,D,0.4,0.2,0.4,0.2,0.4,0.4,4-2-3-1,4-4-2,Matchweek 34,59961.0,Roger East,2016-04-17 16:00:00,1.0,0.0,0.0,0
West Bromwich Albion,Home,W,0.4,0.0,0.6,0.6,0.2,0.2,4-2-3-1,4-2-3-1,Matchweek 30,59568.0,Jonathan Moss,2016-04-21 19:45:00,0.6,0.2,0.2,0
Sunderland,Away,D,0.6,0.0,0.4,0.0,0.4,0.6,4-2-3-1,4-2-3-1,Matchweek 35,45420.0,Mike Dean,2016-04-24 14:05:00,0.8,0.2,0.0,0
Norwich City,Home,W,0.4,0.0,0.6,0.2,0.6,0.2,4-2-3-1,4-2-3-1,Matchweek 36,59989.0,Mike Jones,2016-04-30 17:30:00,0.6666666666666666,0.3333333333333333,0.0,0
Manchester City,Away,D,0.4,0.0,0.6,0.6,0.2,0.2,4-2-3-1,4-4-2,Matchweek 37,54425.0,Anthony Taylor,2016-05-08 16:00:00,0.4,0.4,0.2,1
Aston Villa,Home,W,0.4,0.0,0.6,0.0,0.8,0.2,4-2-3-1,5-3-2,Matchweek 38,60007.0,Mark Clattenburg,2016-05-15 15:00:00,0.8,0.0,0.2,0
Liverpool,Home,L,0.0,0.0,0.0,0.0,0.0,0.0,4-2-3-1,4-3-3,Matchweek 1,60033.0,Michael Oliver,2016-08-14 16:00:00,0.3333333333333333,0.5,0.1666666666666666,1
Leicester City,Away,D,0.0,1.0,0.0,0.0,1.0,0.0,4-2-3-1,4-4-2,Matchweek 2,32008.0,Mark Clattenburg,2016-08-20 17:30:00,0.75,0.25,0.0,0
Watford,Away,W,0.0,0.5,0.5,0.0,0.5,0.5,4-2-3-1,4-2-3-1,Matchweek 3,20545.0,Kevin Friend,2016-08-27 15:00:00,1.0,0.0,0.0,0
Southampton,Home,W,0.3333333333333333,0.3333333333333333,0.3333333333333333,0.0,0.3333333333333333,0.6666666666666666,4-2-3-1,4-3-3,Matchweek 4,59962.0,Robert Madley,2016-09-10 15:00:00,0.3333333333333333,0.3333333333333333,0.3333333333333333,0
Hull City,Away,W,0.5,0.25,0.25,0.5,0.5,0.0,4-2-3-1,4-2-3-1,Matchweek 5,22536.0,Roger East,2016-09-17 15:00:00,0.75,0.25,0.0,0
Chelsea,Home,W,0.6,0.2,0.2,0.6,0.2,0.2,4-2-3-1,4-1-4-1,Matchweek 6,60028.0,Michael Oliver,2016-09-24 17:30:00,0.0,0.3333333333333333,0.6666666666666666,1
Burnley,Away,W,0.8,0.0,0.2,0.3333333333333333,0.6666666666666666,0.0,4-2-3-1,4-2-3-1,Matchweek 7,20982.0,Craig Pawson,2016-10-02 16:30:00,1.0,0.0,0.0,0
Swansea City,Home,W,1.0,0.0,0.0,0.0,0.8,0.2,4-2-3-1,4-2-3-1,Matchweek 8,60007.0,Jonathan Moss,2016-10-15 15:00:00,0.3333333333333333,0.1666666666666666,0.5,0
Middlesbrough,Home,D,1.0,0.0,0.0,0.0,0.75,0.25,4-2-3-1,4-2-3-1,Matchweek 9,59982.0,Mike Dean,2016-10-22 15:00:00,0.0,0.0,0.0,0
Sunderland,Away,W,0.8,0.0,0.2,0.0,0.8,0.2,4-2-3-1,4-2-3-1,Matchweek 10,44322.0,Martin Atkinson,2016-10-29 12:30:00,0.6666666666666666,0.3333333333333333,0.0,0
Tottenham Hotspur,Home,D,0.8,0.0,0.2,0.4,0.0,0.6,4-2-3-1,3-4-3,Matchweek 11,60039.0,Mark Clattenburg,2016-11-06 12:00:00,0.3333333333333333,0.5,0.1666666666666666,1
Manchester United,Away,D,0.6,0.0,0.4,0.2,0.2,0.6,4-2-3-1,4-3-3,Matchweek 12,75264.0,Andre Marriner,2016-11-19 12:30:00,0.1666666666666666,0.3333333333333333,0.5,1
Bournemouth,Home,W,0.4,0.0,0.6,0.4,0.4,0.2,4-2-3-1,4-2-3-1,Matchweek 13,59978.0,Mike Jones,2016-11-27 14:15:00,1.0,0.0,0.0,0
West Ham United,Away,W,0.4,0.0,0.6,0.2,0.4,0.4,4-2-3-1,3-4-3,Matchweek 14,56980.0,Craig Pawson,2016-12-03 17:30:00,0.6666666666666666,0.1666666666666666,0.1666666666666666,0
Stoke City,Home,W,0.6,0.0,0.4,0.0,0.6,0.4,4-2-3-1,4-2-3-1,Matchweek 15,59964.0,Lee Mason,2016-12-10 15:00:00,0.5,0.1666666666666666,0.3333333333333333,0
Everton,Away,L,0.6,0.0,0.4,0.0,0.6,0.4,4-2-3-1,4-3-3,Matchweek 16,39510.0,Mark Clattenburg,2016-12-13 19:45:00,0.5,0.3333333333333333,0.1666666666666666,0
Manchester City,Away,L,0.6,0.2,0.2,0.6,0.4,0.0,4-2-3-1,4-1-4-1,Matchweek 17,54409.0,Martin Atkinson,2016-12-18 16:00:00,0.3333333333333333,0.5,0.1666666666666666,1
West Bromwich Albion,Home,W,0.6,0.4,0.0,0.2,0.8,0.0,4-2-3-1,4-2-3-1,Matchweek 18,59925.0,Niel Swarbrick,2016-12-26 15:00:00,0.6666666666666666,0.1666666666666666,0.1666666666666666,0
Crystal Palace,Home,W,0.6,0.4,0.0,0.2,0.4,0.4,4-2-3-1,4-2-3-1,Matchweek 19,59975.0,Andre Marriner,2017-01-01 16:00:00,0.8333333333333334,0.1666666666666666,0.0,0
Bournemouth,Away,D,0.6,0.4,0.0,0.4,0.6,0.0,4-2-3-1,4-2-3-1,Matchweek 20,11202.0,Michael Oliver,2017-01-03 19:45:00,1.0,0.0,0.0,0
Swansea City,Away,W,0.4,0.4,0.2,0.4,0.6,0.0,4-2-3-1,4-2-3-1,Matchweek 21,20875.0,Mike Jones,2017-01-14 15:00:00,0.4285714285714285,0.1428571428571428,0.4285714285714285,0
Burnley,Home,W,0.6,0.2,0.2,0.4,0.6,0.0,4-2-3-1,4-2-3-1,Matchweek 22,59955.0,Jonathan Moss,2017-01-22 14:15:00,1.0,0.0,0.0,0
Watford,Home,L,0.8,0.0,0.2,0.2,0.4,0.4,4-2-3-1,4-2-3-1,Matchweek 23,60035.0,Andre Marriner,2017-01-31 19:45:00,1.0,0.0,0.0,0
Chelsea,Away,L,0.6,0.2,0.2,0.6,0.2,0.2,4-2-3-1,3-4-3,Matchweek 24,41490.0,Martin Atkinson,2017-02-04 12:30:00,0.1428571428571428,0.2857142857142857,0.5714285714285714,1
Hull City,Home,W,0.4,0.4,0.2,0.4,0.2,0.4,4-2-3-1,4-2-3-1,Matchweek 25,59962.0,Mark Clattenburg,2017-02-11 12:30:00,0.8,0.2,0.0,0
Liverpool,Away,L,0.6,0.4,0.0,0.2,0.6,0.2,4-2-3-1,4-3-3,Matchweek 27,53146.0,Robert Madley,2017-03-04 17:30:00,0.2857142857142857,0.4285714285714285,0.2857142857142857,1
West Bromwich Albion,Away,L,0.4,0.6,0.0,0.2,0.6,0.2,4-2-3-1,4-2-3-1,Matchweek 29,24065.0,Niel Swarbrick,2017-03-18 12:30:00,0.7142857142857143,0.1428571428571428,0.1428571428571428,0
Manchester City,Home,D,0.2,0.8,0.0,0.6,0.0,0.4,4-2-3-1,4-2-3-1,Matchweek 30,60001.0,Andre Marriner,2017-04-02 16:00:00,0.2857142857142857,0.4285714285714285,0.2857142857142857,1
West Ham United,Home,W,0.2,0.6,0.2,0.0,0.8,0.2,4-2-3-1,4-1-4-1,Matchweek 31,59961.0,Martin Atkinson,2017-04-05 19:45:00,0.7142857142857143,0.1428571428571428,0.1428571428571428,0
Crystal Palace,Away,L,0.4,0.4,0.2,0.8,0.2,0.0,4-2-3-1,4-2-3-1,Matchweek 32,25648.0,Michael Oliver,2017-04-10 20:00:00,0.8571428571428571,0.1428571428571428,0.0,0
Middlesbrough,Away,W,0.2,0.6,0.2,0.0,0.8,0.2,3-4-3,3-4-3,Matchweek 33,31298.0,Anthony Taylor,2017-04-17 20:00:00,0.0,1.0,0.0,0
Leicester City,Home,W,0.4,0.4,0.2,0.6,0.2,0.2,3-4-3,4-4-2,Matchweek 28,59829.0,Mike Jones,2017-04-26 19:45:00,0.6,0.4,0.0,0
Tottenham Hotspur,Away,L,0.6,0.2,0.2,1.0,0.0,0.0,3-4-3,4-2-3-1,Matchweek 35,31811.0,Michael Oliver,2017-04-30 16:30:00,0.2857142857142857,0.5714285714285714,0.1428571428571428,1
Manchester United,Home,W,0.6,0.4,0.0,0.6,0.0,0.4,3-4-3,4-3-3,Matchweek 36,60055.0,Andre Marriner,2017-05-07 16:00:00,0.1428571428571428,0.4285714285714285,0.4285714285714285,1
Southampton,Away,W,0.6,0.4,0.0,0.2,0.4,0.4,3-4-3,4-2-3-1,Matchweek 26,31474.0,Jonathan Moss,2017-05-10 19:45:00,0.4285714285714285,0.2857142857142857,0.2857142857142857,0
Stoke City,Away,W,0.8,0.2,0.0,0.0,0.6,0.4,3-4-3,3-4-3,Matchweek 37,27535.0,Mike Dean,2017-05-13 17:30:00,0.5714285714285714,0.1428571428571428,0.2857142857142857,0
Sunderland,Home,W,0.8,0.2,0.0,0.0,0.8,0.2,3-4-3,3-4-3,Matchweek 34,59510.0,Roger East,2017-05-16 19:45:00,0.7142857142857143,0.2857142857142857,0.0,0
Everton,Home,W,0.8,0.2,0.0,0.4,0.4,0.2,3-4-3,4-3-3,Matchweek 38,59976.0,Michael Oliver,2017-05-21 15:00:00,0.4285714285714285,0.2857142857142857,0.2857142857142857,0
Leicester City,Home,W,0.0,0.0,0.0,0.0,0.0,0.0,3-4-3,4-4-1-1,Matchweek 1,59387.0,Mike Dean,2017-08-11 19:45:00,0.6666666666666666,0.3333333333333333,0.0,0
Stoke City,Away,L,1.0,0.0,0.0,0.0,1.0,0.0,3-4-3,3-4-3,Matchweek 2,29459.0,Andre Marriner,2017-08-19 17:30:00,0.625,0.125,0.25,0
Liverpool,Away,L,0.5,0.5,0.0,0.5,0.0,0.5,3-4-3,4-3-3,Matchweek 3,53206.0,Craig Pawson,2017-08-27 16:00:00,0.25,0.375,0.375,1
Bournemouth,Home,W,0.3333333333333333,0.6666666666666666,0.0,0.0,1.0,0.0,3-4-3,3-5-1-1,Matchweek 4,59262.0,Anthony Taylor,2017-09-09 15:00:00,0.75,0.25,0.0,0
Chelsea,Away,D,0.5,0.5,0.0,0.75,0.25,0.0,3-4-3,3-4-3,Matchweek 5,41478.0,Michael Oliver,2017-09-17 13:30:00,0.125,0.25,0.625,1
West Bromwich Albion,Home,W,0.4,0.4,0.2,0.3333333333333333,0.3333333333333333,0.3333333333333333,3-4-3,3-4-3,Matchweek 6,59134.0,Robert Madley,2017-09-25 20:00:00,0.625,0.125,0.25,0
Brighton and Hove Albion,Home,W,0.4,0.4,0.2,0.4,0.4,0.2,3-4-3,4-5-1,Matchweek 7,59378.0,Kevin Friend,2017-10-01 12:00:00,0.0,0.0,0.0,0
Watford,Away,L,0.6,0.2,0.2,0.4,0.2,0.4,3-4-3,3-4-3,Matchweek 8,20384.0,Niel Swarbrick,2017-10-14 17:30:00,0.75,0.0,0.25,0
Everton,Away,W,0.6,0.2,0.2,0.2,0.6,0.2,3-4-3,3-4-3,Matchweek 9,39189.0,Craig Pawson,2017-10-22 13:30:00,0.5,0.25,0.25,0
Swansea City,Home,W,0.6,0.2,0.2,0.2,0.6,0.2,3-4-3,3-4-3,Matchweek 10,59493.0,Lee Mason,2017-10-28 15:00:00,0.5,0.125,0.375,0
Manchester City,Away,L,0.8,0.2,0.0,1.0,0.0,0.0,3-4-3,4-3-3,Matchweek 11,54286.0,Michael Oliver,2017-11-05 14:15:00,0.25,0.5,0.25,1
Tottenham Hotspur,Home,W,0.6,0.4,0.0,0.8,0.2,0.0,3-4-3,3-5-2,Matchweek 12,59530.0,Mike Dean,2017-11-18 12:30:00,0.25,0.5,0.25,1
Burnley,Away,W,0.6,0.4,0.0,0.6,0.2,0.2,3-4-3,3-4-3,Matchweek 13,21722.0,Lee Mason,2017-11-26 14:00:00,1.0,0.0,0.0,0
Huddersfield,Home,W,0.8,0.2,0.0,0.2,0.8,0.0,3-4-3,3-4-3,Matchweek 14,59285.0,Graham Scott,2017-11-29 19:45:00,0.0,0.0,0.0,0
Manchester United,Home,L,0.8,0.2,0.0,0.8,0.2,0.0,3-4-3,3-4-1-2,Matchweek 15,59547.0,Andre Marriner,2017-12-02 17:30:00,0.25,0.375,0.375,1
Southampton,Away,D,0.6,0.4,0.0,0.2,0.6,0.2,3-4-3,4-2-3-1,Matchweek 16,31643.0,Robert Madley,2017-12-10 12:00:00,0.5,0.25,0.25,0
West Ham United,Away,D,0.6,0.2,0.2,0.2,0.6,0.2,4-3-3,5-3-2,Matchweek 17,56921.0,Jonathan Moss,2017-12-13 20:00:00,0.75,0.125,0.125,0
Newcastle United,Home,W,0.4,0.2,0.4,0.0,0.8,0.2,4-3-3,4-4-2,Matchweek 18,59379.0,Stuart Attwell,2017-12-16 15:00:00,1.0,0.0,0.0,0
Liverpool,Home,D,0.4,0.2,0.4,0.6,0.0,0.4,4-2-3-1,4-2-3-1,Matchweek 19,59409.0,Martin Atkinson,2017-12-22 19:45:00,0.2222222222222222,0.3333333333333333,0.4444444444444444,1
Crystal Palace,Away,W,0.2,0.2,0.6,0.4,0.0,0.6,3-4-3,4-4-2,Matchweek 20,25762.0,Michael Oliver,2017-12-28 20:00:00,0.75,0.125,0.125,0
West Bromwich Albion,Away,D,0.4,0.0,0.6,0.0,0.2,0.8,3-4-3,3-4-3,Matchweek 21,26223.0,Mike Dean,2017-12-31 16:30:00,0.6666666666666666,0.1111111111111111,0.2222222222222222,0
Chelsea,Home,D,0.4,0.0,0.6,0.8,0.0,0.2,3-4-3,3-5-1-1,Matchweek 22,59379.0,Anthony Taylor,2018-01-03 19:45:00,0.1111111111111111,0.3333333333333333,0.5555555555555556,1
Bournemouth,Away,L,0.4,0.0,0.6,0.2,0.4,0.4,3-4-3,3-4-3,Matchweek 23,10836.0,Kevin Friend,2018-01-14 13:30:00,0.8,0.2,0.0,0
Crystal Palace,Home,W,0.2,0.2,0.6,0.4,0.2,0.4,4-1-4-1,4-4-2,Matchweek 24,59386.0,Chris Kavanagh,2018-01-20 15:00:00,0.7777777777777778,0.1111111111111111,0.1111111111111111,0
Swansea City,Away,L,0.4,0.2,0.4,0.2,0.4,0.4,4-3-3,4-3-3,Matchweek 25,20819.0,Lee Mason,2018-01-30 19:45:00,0.5555555555555556,0.1111111111111111,0.3333333333333333,0
Everton,Home,W,0.2,0.4,0.4,0.2,0.6,0.2,4-2-3-1,3-4-3,Matchweek 26,59306.0,Niel Swarbrick,2018-02-03 17:30:00,0.5555555555555556,0.2222222222222222,0.2222222222222222,0
Tottenham Hotspur,Away,L,0.4,0.4,0.2,0.4,0.0,0.6,4-3-3,4-2-3-1,Matchweek 27,83222.0,Anthony Taylor,2018-02-10 12:30:00,0.3333333333333333,0.4444444444444444,0.2222222222222222,1
Manchester City,Home,L,0.4,0.6,0.0,0.6,0.2,0.2,4-2-3-1,4-3-3,Matchweek 28,58420.0,Andre Marriner,2018-03-01 19:45:00,0.2222222222222222,0.4444444444444444,0.3333333333333333,1
Brighton and Hove Albion,Away,L,0.4,0.6,0.0,0.4,0.2,0.4,4-2-3-1,4-4-1-1,Matchweek 29,30620.0,Stuart Attwell,2018-03-04 13:30:00,1.0,0.0,0.0,0
Watford,Home,W,0.2,0.8,0.0,0.4,0.4,0.2,4-2-3-1,4-2-3-1,Matchweek 30,59131.0,Martin Atkinson,2018-03-11 13:30:00,0.6,0.0,0.4,0
Stoke City,Home,W,0.4,0.6,0.0,0.0,0.4,0.6,4-2-3-1,4-2-3-1,Matchweek 32,59371.0,Craig Pawson,2018-04-01 13:30:00,0.5555555555555556,0.1111111111111111,0.3333333333333333,0
Southampton,Home,W,0.4,0.6,0.0,0.0,0.6,0.4,4-2-3-1,3-4-3,Matchweek 33,59374.0,Andre Marriner,2018-04-08 14:15:00,0.4444444444444444,0.3333333333333333,0.2222222222222222,0
Newcastle United,Away,L,0.6,0.4,0.0,0.6,0.2,0.2,4-3-3,4-4-1-1,Matchweek 34,52210.0,Anthony Taylor,2018-04-15 13:30:00,1.0,0.0,0.0,0
West Ham United,Home,W,0.6,0.4,0.0,0.2,0.4,0.4,4-3-3,3-4-3,Matchweek 35,59422.0,Lee Mason,2018-04-22 13:30:00,0.6666666666666666,0.2222222222222222,0.1111111111111111,0
Manchester United,Away,L,0.8,0.2,0.0,0.8,0.2,0.0,4-2-3-1,4-3-3,Matchweek 36,75035.0,Kevin Friend,2018-04-29 16:30:00,0.2222222222222222,0.3333333333333333,0.4444444444444444,1
Burnley,Home,W,0.6,0.4,0.0,0.6,0.2,0.2,4-3-3,4-3-3,Matchweek 37,59540.0,Andre Marriner,2018-05-06 16:30:00,1.0,0.0,0.0,0
Leicester City,Away,L,0.6,0.4,0.0,0.0,0.8,0.2,4-3-3,4-4-2,Matchweek 31,32095.0,Graham Scott,2018-05-09 19:45:00,0.7142857142857143,0.2857142857142857,0.0,0
Huddersfield,Away,W,0.4,0.6,0.0,0.0,0.4,0.6,4-3-3,4-3-3,Matchweek 38,24122.0,Michael Oliver,2018-05-13 15:00:00,1.0,0.0,0.0,0
Manchester City,Home,L,0.0,0.0,0.0,0.0,0.0,0.0,4-2-3-1,4-2-3-1,Matchweek 1,59934.0,Michael Oliver,2018-08-12 16:00:00,0.2,0.4,0.4,1
Chelsea,Away,L,0.0,1.0,0.0,1.0,0.0,0.0,4-2-3-1,4-3-3,Matchweek 2,40491.0,Martin Atkinson,2018-08-18 17:30:00,0.1,0.4,0.5,1
West Ham United,Home,W,0.0,1.0,0.0,0.0,1.0,0.0,4-2-3-1,4-4-1-1,Matchweek 3,59830.0,Graham Scott,2018-08-25 15:00:00,0.7,0.2,0.1,0
Cardiff City,Away,W,0.3333333333333333,0.6666666666666666,0.0,0.0,0.5,0.5,4-2-3-1,4-2-3-1,Matchweek 4,32316.0,Anthony Taylor,2018-09-02 13:30:00,1.0,0.0,0.0,0
Newcastle United,Away,W,0.5,0.5,0.0,0.0,0.75,0.25,4-2-3-1,4-4-1-1,Matchweek 5,52165.0,Lee Probert,2018-09-15 15:00:00,0.875,0.0,0.125,0
Everton,Home,W,0.6,0.4,0.0,0.2,0.2,0.6,4-2-3-1,4-2-3-1,Matchweek 6,59964.0,Jonathan Moss,2018-09-23 16:00:00,0.6,0.2,0.2,0
Watford,Home,W,0.8,0.2,0.0,0.6,0.2,0.2,4-2-3-1,4-2-3-1,Matchweek 7,60019.0,Anthony Taylor,2018-09-29 15:00:00,0.6666666666666666,0.0,0.3333333333333333,0
Fulham,Away,W,1.0,0.0,0.0,0.2,0.4,0.4,4-4-2,3-4-3,Matchweek 8,25401.0,Paul Tierney,2018-10-07 12:00:00,1.0,0.0,0.0,0
Leicester City,Home,W,1.0,0.0,0.0,0.4,0.6,0.0,4-2-3-1,3-4-1-2,Matchweek 9,59886.0,Chris Kavanagh,2018-10-22 20:00:00,0.625,0.25,0.125,0
Crystal Palace,Away,D,1.0,0.0,0.0,0.2,0.6,0.2,4-2-3-1,4-4-2,Matchweek 10,25718.0,Martin Atkinson,2018-10-28 13:30:00,0.8,0.1,0.1,0
Liverpool,Home,D,0.8,0.0,0.2,0.6,0.0,0.4,4-2-3-1,4-3-3,Matchweek 11,59993.0,Andre Marriner,2018-11-03 17:30:00,0.2,0.4,0.4,1
Wolverhampton Wanderers,Home,D,0.6,0.0,0.4,0.4,0.6,0.0,4-2-3-1,3-4-3,Matchweek 12,60030.0,Stuart Attwell,2018-11-11 16:30:00,0.0,0.0,0.0,0
Bournemouth,Away,W,0.4,0.0,0.6,0.4,0.4,0.2,3-4-3,4-4-2,Matchweek 13,10792.0,Craig Pawson,2018-11-25 13:30:00,0.6666666666666666,0.1666666666666666,0.1666666666666666,0
Tottenham Hotspur,Home,W,0.4,0.0,0.6,0.8,0.2,0.0,3-4-3,4-1-2-1-2,Matchweek 14,59973.0,Mike Dean,2018-12-02 14:05:00,0.3,0.4,0.3,1
Manchester United,Away,D,0.4,0.0,0.6,0.4,0.2,0.4,3-4-3,3-4-1-2,Matchweek 15,74507.0,Andre Marriner,2018-12-05 20:00:00,0.2,0.3,0.5,1
Huddersfield,Home,W,0.4,0.0,0.6,0.4,0.4,0.2,3-1-4-2,3-1-4-2,Matchweek 16,59893.0,Paul Tierney,2018-12-08 15:00:00,1.0,0.0,0.0,0
Southampton,Away,L,0.6,0.0,0.4,0.0,0.6,0.4,3-4-3,3-4-3,Matchweek 17,29497.0,Chris Kavanagh,2018-12-16 13:30:00,0.5,0.3,0.2,0
Burnley,Home,W,0.6,0.2,0.2,0.2,0.8,0.0,4-3-1-2,4-3-1-2,Matchweek 18,59493.0,Kevin Friend,2018-12-22 12:30:00,1.0,0.0,0.0,0
Brighton and Hove Albion,Away,D,0.6,0.2,0.2,0.4,0.6,0.0,4-1-2-1-2,4-5-1,Matchweek 19,30608.0,Anthony Taylor,2018-12-26 17:15:00,0.5,0.0,0.5,0
Liverpool,Away,L,0.4,0.2,0.4,1.0,0.0,0.0,4-2-3-1,4-2-3-1,Matchweek 20,53326.0,Michael Oliver,2018-12-29 17:30:00,0.1818181818181818,0.4545454545454545,0.3636363636363636,1
Fulham,Home,W,0.4,0.4,0.2,0.2,0.4,0.4,3-4-3,3-4-3,Matchweek 21,59887.0,Graham Scott,2019-01-01 15:00:00,1.0,0.0,0.0,0
West Ham United,Away,L,0.4,0.4,0.2,0.4,0.4,0.2,3-4-3,4-2-3-1,Matchweek 22,59946.0,Jonathan Moss,2019-01-12 12:30:00,0.7272727272727273,0.1818181818181818,0.0909090909090909,0
Chelsea,Home,W,0.4,0.4,0.2,0.6,0.2,0.2,4-1-2-1-2,4-3-3,Matchweek 23,59979.0,Anthony Taylor,2019-01-19 17:30:00,0.0909090909090909,0.3636363636363636,0.5454545454545454,1
Cardiff City,Home,W,0.4,0.4,0.2,0.2,0.6,0.2,4-3-1-2,4-3-1-2,Matchweek 24,59933.0,Mike Dean,2019-01-29 19:45:00,1.0,0.0,0.0,0
Manchester City,Away,L,0.6,0.4,0.0,0.8,0.2,0.0,4-4-2,4-3-3,Matchweek 25,54483.0,Martin Atkinson,2019-02-03 16:30:00,0.1818181818181818,0.3636363636363636,0.4545454545454545,1
Huddersfield,Away,W,0.6,0.4,0.0,0.0,1.0,0.0,3-4-3,3-4-3,Matchweek 26,24182.0,Jonathan Moss,2019-02-09 15:00:00,1.0,0.0,0.0,0
Southampton,Home,W,0.6,0.4,0.0,0.4,0.2,0.4,4-2-3-1,3-5-1-1,Matchweek 27,59877.0,Graham Scott,2019-02-24 14:05:00,0.4545454545454545,0.2727272727272727,0.2727272727272727,0
Bournemouth,Home,W,0.8,0.2,0.0,0.4,0.4,0.2,3-4-3,4-4-2,Matchweek 28,59618.0,Chris Kavanagh,2019-02-27 19:45:00,0.7142857142857143,0.1428571428571428,0.1428571428571428,0
Tottenham Hotspur,Away,D,0.8,0.2,0.0,0.6,0.4,0.0,4-2-3-1,3-4-1-2,Matchweek 29,81332.0,Anthony Taylor,2019-03-02 12:30:00,0.3636363636363636,0.3636363636363636,0.2727272727272727,1
Manchester United,Home,W,0.6,0.2,0.2,0.8,0.0,0.2,3-4-1-2,4-4-2,Matchweek 30,60000.0,Jonathan Moss,2019-03-10 16:30:00,0.1818181818181818,0.3636363636363636,0.4545454545454545,1
Newcastle United,Home,W,0.8,0.0,0.2,0.6,0.2,0.2,3-4-3,5-4-1,Matchweek 32,59869.0,Anthony Taylor,2019-04-01 20:00:00,0.8888888888888888,0.0,0.1111111111111111,0
Everton,Away,L,0.8,0.0,0.2,0.6,0.2,0.2,3-4-3,4-2-3-1,Matchweek 33,39400.0,Kevin Friend,2019-04-07 14:05:00,0.6363636363636364,0.1818181818181818,0.1818181818181818,0
Watford,Away,W,0.6,0.2,0.2,0.4,0.6,0.0,4-2-3-1,4-2-3-1,Matchweek 34,20480.0,Craig Pawson,2019-04-15 20:00:00,0.7142857142857143,0.0,0.2857142857142857,0
Crystal Palace,Home,L,0.6,0.2,0.2,0.4,0.6,0.0,3-4-1-2,4-4-2,Matchweek 35,59929.0,Jonathan Moss,2019-04-21 16:00:00,0.7272727272727273,0.1818181818181818,0.0909090909090909,0
Wolverhampton Wanderers,Away,L,0.6,0.4,0.0,0.2,0.4,0.4,4-2-3-1,3-5-2,Matchweek 31,31436.0,Stuart Attwell,2019-04-24 19:45:00,0.0,1.0,0.0,0
Leicester City,Away,L,0.4,0.6,0.0,0.6,0.2,0.2,4-4-2,4-1-4-1,Matchweek 36,32037.0,Michael Oliver,2019-04-28 12:00:00,0.6666666666666666,0.2222222222222222,0.1111111111111111,0
Brighton and Hove Albion,Home,D,0.2,0.8,0.0,0.0,0.6,0.4,4-3-1-2,4-5-1,Matchweek 37,59965.0,Anthony Taylor,2019-05-05 16:30:00,0.3333333333333333,0.3333333333333333,0.3333333333333333,0
Burnley,Away,W,0.2,0.6,0.2,0.4,0.4,0.2,4-2-3-1,4-2-3-1,Matchweek 38,21461.0,Mike Dean,2019-05-12 15:00:00,1.0,0.0,0.0,0
Newcastle United,Away,W,0.0,0.0,0.0,0.0,0.0,0.0,4-2-3-1,3-5-2,Matchweek 1,47635.0,Martin Atkinson,2019-08-11 14:00:00,0.9,0.0,0.1,0
Burnley,Home,W,1.0,0.0,0.0,1.0,0.0,0.0,4-2-3-1,4-2-3-1,Matchweek 2,60214.0,Mike Dean,2019-08-17 12:30:00,1.0,0.0,0.0,0
Liverpool,Away,L,1.0,0.0,0.0,1.0,0.0,0.0,4-3-1-2,4-3-3,Matchweek 3,53298.0,Anthony Taylor,2019-08-24 17:30:00,0.1666666666666666,0.4166666666666667,0.4166666666666667,1
Tottenham Hotspur,Home,D,0.6666666666666666,0.3333333333333333,0.0,0.3333333333333333,0.3333333333333333,0.3333333333333333,4-3-3,4-2-2-2,Matchweek 4,60333.0,Martin Atkinson,2019-09-01 16:30:00,0.3333333333333333,0.4166666666666667,0.25,1
Watford,Away,D,0.5,0.25,0.25,0.0,0.75,0.25,4-1-2-1-2,4-1-2-1-2,Matchweek 5,21360.0,Anthony Taylor,2019-09-15 16:30:00,0.75,0.0,0.25,0
Aston Villa,Home,W,0.4,0.2,0.4,0.2,0.6,0.2,4-2-3-1,4-3-3,Matchweek 6,60331.0,Jonathan Moss,2019-09-22 16:30:00,0.8333333333333334,0.0,0.1666666666666666,0
Manchester United,Away,D,0.4,0.2,0.4,0.2,0.4,0.4,4-3-3,4-2-3-1,Matchweek 7,73201.0,Kevin Friend,2019-09-30 20:00:00,0.25,0.3333333333333333,0.4166666666666667,1
Bournemouth,Home,W,0.2,0.2,0.6,0.4,0.4,0.2,4-2-3-1,4-4-2,Matchweek 8,60326.0,Martin Atkinson,2019-10-06 14:00:00,0.75,0.125,0.125,0
Sheffield United,Away,L,0.4,0.0,0.6,0.2,0.6,0.2,4-2-3-1,4-2-3-1,Matchweek 9,30775.0,Mike Dean,2019-10-21 20:00:00,0.0,0.0,0.0,0
Crystal Palace,Home,D,0.4,0.2,0.4,0.4,0.4,0.2,4-4-2,4-5-1,Matchweek 10,60345.0,Martin Atkinson,2019-10-27 16:30:00,0.6666666666666666,0.1666666666666666,0.1666666666666666,0
Wolverhampton Wanderers,Home,D,0.4,0.2,0.4,0.4,0.0,0.6,4-3-1-2,3-4-3,Matchweek 11,60383.0,Michael Oliver,2019-11-02 15:00:00,0.0,0.5,0.5,0
Leicester City,Away,L,0.2,0.2,0.6,0.8,0.2,0.0,3-4-1-2,4-1-4-1,Matchweek 12,32209.0,Chris Kavanagh,2019-11-09 17:30:00,0.6,0.2,0.2,0
Southampton,Home,D,0.2,0.4,0.4,0.0,0.8,0.2,3-4-1-2,4-4-2,Matchweek 13,60295.0,Stuart Attwell,2019-11-23 15:00:00,0.5,0.25,0.25,0
Norwich City,Away,D,0.0,0.4,0.6,0.2,0.6,0.2,4-2-3-1,4-2-3-1,Matchweek 14,27067.0,Paul Tierney,2019-12-01 14:00:00,0.75,0.25,0.0,0
Brighton and Hove Albion,Home,L,0.0,0.2,0.8,0.4,0.6,0.0,4-2-3-1,4-1-2-1-2,Matchweek 15,60164.0,Graham Scott,2019-12-05 20:15:00,0.25,0.5,0.25,0
West Ham United,Away,W,0.0,0.4,0.6,0.2,0.8,0.0,4-2-3-1,4-4-1-1,Matchweek 16,59936.0,Mike Dean,2019-12-09 20:00:00,0.6666666666666666,0.1666666666666666,0.1666666666666666,0
Manchester City,Home,L,0.2,0.4,0.4,0.4,0.4,0.2,4-2-3-1,4-2-3-1,Matchweek 17,60031.0,Paul Tierney,2019-12-15 16:30:00,0.1666666666666666,0.3333333333333333,0.5,1
Everton,Away,D,0.2,0.4,0.4,0.2,0.6,0.2,4-2-3-1,4-4-2,Matchweek 18,39336.0,Kevin Friend,2019-12-21 12:30:00,0.5833333333333334,0.1666666666666666,0.25,0
Bournemouth,Away,D,0.2,0.4,0.4,0.2,0.8,0.0,4-2-3-1,4-5-1,Matchweek 19,10234.0,Stuart Attwell,2019-12-26 15:00:00,0.7777777777777778,0.1111111111111111,0.1111111111111111,0
Chelsea,Home,L,0.2,0.4,0.4,0.4,0.6,0.0,4-2-3-1,3-4-3,Matchweek 20,60309.0,Craig Pawson,2019-12-29 14:00:00,0.1666666666666666,0.3333333333333333,0.5,1
Manchester United,Home,W,0.2,0.4,0.4,0.6,0.2,0.2,4-2-3-1,4-2-3-1,Matchweek 21,60328.0,Chris Kavanagh,2020-01-01 20:00:00,0.2307692307692307,0.3846153846153846,0.3846153846153846,1
Crystal Palace,Away,D,0.2,0.4,0.4,0.2,0.2,0.6,4-2-3-1,4-5-1,Matchweek 22,25468.0,Paul Tierney,2020-01-11 12:30:00,0.6153846153846154,0.2307692307692307,0.1538461538461538,0
Sheffield United,Home,D,0.2,0.2,0.6,0.6,0.4,0.0,4-2-3-1,4-2-3-1,Matchweek 23,60310.0,Mike Dean,2020-01-18 15:00:00,0.0,0.0,1.0,0
Chelsea,Away,D,0.2,0.2,0.6,0.4,0.4,0.2,4-2-3-1,4-3-3,Matchweek 24,40577.0,Stuart Attwell,2020-01-21 20:15:00,0.1538461538461538,0.3076923076923077,0.5384615384615384,1
Burnley,Away,D,0.2,0.2,0.6,0.4,0.6,0.0,4-2-3-1,4-2-3-1,Matchweek 25,21048.0,Chris Kavanagh,2020-02-02 14:00:00,1.0,0.0,0.0,0
Newcastle United,Home,W,0.2,0.0,0.8,0.2,0.2,0.6,4-2-3-1,5-4-1,Matchweek 26,60188.0,Lee Mason,2020-02-16 16:30:00,0.9090909090909092,0.0,0.0909090909090909,0
Everton,Home,W,0.2,0.0,0.8,0.6,0.0,0.4,4-2-3-1,4-4-2,Matchweek 27,60296.0,Stuart Attwell,2020-02-23 16:30:00,0.5384615384615384,0.2307692307692307,0.2307692307692307,0
West Ham United,Home,W,0.4,0.0,0.6,0.2,0.6,0.2,4-2-3-1,4-4-2,Matchweek 29,60335.0,Martin Atkinson,2020-03-07 15:00:00,0.6923076923076923,0.1538461538461538,0.1538461538461538,0
Manchester City,Away,L,0.6,0.0,0.4,0.6,0.4,0.0,4-3-2-1,4-3-3,Matchweek 28,56160.05882352941,Anthony Taylor,2020-06-17 20:15:00,0.1538461538461538,0.3076923076923077,0.5384615384615384,1
Brighton and Hove Albion,Away,L,0.6,0.2,0.2,0.0,0.2,0.8,4-3-3,4-2-3-1,Matchweek 30,43389.9,Martin Atkinson,2020-06-20 15:00:00,0.2,0.4,0.4,0
Southampton,Away,W,0.6,0.4,0.0,0.4,0.6,0.0,3-4-3,4-4-2,Matchweek 31,46416.52941176471,Graham Scott,2020-06-25 18:00:00,0.4615384615384615,0.3076923076923077,0.2307692307692307,0
Norwich City,Home,W,0.6,0.4,0.0,0.2,0.8,0.0,3-4-3,3-4-3,Matchweek 32,40849.142857142855,Peter Bankes,2020-07-01 18:00:00,0.6,0.4,0.0,0
Wolverhampton Wanderers,Away,W,0.6,0.4,0.0,0.8,0.0,0.2,3-4-3,3-5-2,Matchweek 33,48282.71428571428,Michael Oliver,2020-07-04 17:30:00,0.0,0.6666666666666666,0.3333333333333333,0
Leicester City,Home,D,0.6,0.4,0.0,0.4,0.2,0.4,3-4-3,3-4-3,Matchweek 34,45043.6,Chris Kavanagh,2020-07-07 20:15:00,0.5454545454545454,0.1818181818181818,0.2727272727272727,0
Tottenham Hotspur,Away,L,0.6,0.2,0.2,0.4,0.2,0.4,3-4-3,4-4-1-1,Matchweek 35,53860.944444444445,Michael Oliver,2020-07-12 16:30:00,0.3076923076923077,0.4615384615384615,0.2307692307692307,1
Liverpool,Home,W,0.6,0.2,0.2,0.6,0.2,0.2,3-4-3,4-3-3,Matchweek 36,54853.705882352944,Paul Tierney,2020-07-15 20:15:00,0.1538461538461538,0.3846153846153846,0.4615384615384615,1
Aston Villa,Away,L,0.6,0.2,0.2,0.2,0.6,0.2,3-4-3,4-3-3,Matchweek 37,50293.09090909091,Chris Kavanagh,2020-07-21 20:15:00,0.8571428571428571,0.0,0.1428571428571428,0
Watford,Home,W,0.4,0.4,0.2,0.2,0.8,0.0,4-2-3-1,4-2-3-1,Matchweek 38,38511.90909090909,Mike Dean,2020-07-26 16:00:00,0.6666666666666666,0.1111111111111111,0.2222222222222222,0
Fulham,Away,W,0.0,0.0,0.0,0.0,0.0,0.0,3-4-3,4-2-3-1,Matchweek 1,42583.333333333336,Chris Kavanagh,2020-09-12 12:30:00,1.0,0.0,0.0,0
West Ham United,Home,W,1.0,0.0,0.0,0.0,1.0,0.0,3-4-3,5-4-1,Matchweek 2,55587.72222222222,Michael Oliver,2020-09-19 20:00:00,0.7142857142857143,0.1428571428571428,0.1428571428571428,0
Liverpool,Away,L,1.0,0.0,0.0,1.0,0.0,0.0,3-4-3,4-3-3,Matchweek 3,54853.705882352944,Craig Pawson,2020-09-28 20:00:00,0.2142857142857142,0.3571428571428571,0.4285714285714285,1
Sheffield United,Home,W,0.6666666666666666,0.3333333333333333,0.0,0.0,1.0,0.0,4-3-3,4-3-3,Matchweek 4,45542.5,Lee Mason,2020-10-04 14:00:00,0.0,0.5,0.5,0
Manchester City,Away,L,0.75,0.25,0.0,0.3333333333333333,0.3333333333333333,0.3333333333333333,4-3-3,3-1-4-2,Matchweek 5,56160.05882352941,Chris Kavanagh,2020-10-17 17:30:00,0.1428571428571428,0.2857142857142857,0.5714285714285714,1
Leicester City,Home,L,0.6,0.4,0.0,0.6,0.4,0.0,3-4-3,3-4-3,Matchweek 6,45043.6,Craig Pawson,2020-10-25 19:15:00,0.5,0.25,0.25,0
Manchester United,Away,W,0.4,0.6,0.0,0.4,0.4,0.2,3-4-3,4-1-2-1-2,Matchweek 7,67278.22222222222,Mike Dean,2020-11-01 16:30:00,0.2857142857142857,0.3571428571428571,0.3571428571428571,1
Aston Villa,Home,L,0.4,0.6,0.0,0.6,0.4,0.0,3-4-3,4-2-3-1,Matchweek 8,50293.09090909091,Martin Atkinson,2020-11-08 19:15:00,0.75,0.0,0.25,0
Leeds United,Away,D,0.4,0.6,0.0,0.2,0.6,0.2,4-2-3-1,4-1-4-1,Matchweek 9,48314.25,Anthony Taylor,2020-11-22 16:30:00,0.0,0.0,0.0,0
Wolverhampton Wanderers,Home,L,0.2,0.6,0.2,0.4,0.2,0.4,4-2-3-1,4-2-3-1,Matchweek 10,48282.71428571428,Michael Oliver,2020-11-29 19:15:00,0.25,0.5,0.25,0
Tottenham Hotspur,Away,L,0.2,0.6,0.2,0.8,0.0,0.2,4-2-3-1,4-2-3-1,Matchweek 11,2000.0,Martin Atkinson,2020-12-06 16:30:00,0.2857142857142857,0.4285714285714285,0.2857142857142857,1
Burnley,Home,L,0.2,0.6,0.2,0.2,0.4,0.4,4-2-3-1,4-2-3-1,Matchweek 12,2000.0,Graham Scott,2020-12-13 19:15:00,0.9,0.1,0.0,0
Southampton,Home,D,0.0,0.8,0.2,0.6,0.2,0.2,3-4-3,4-4-2,Matchweek 13,46416.52941176471,Paul Tierney,2020-12-16 18:00:00,0.5,0.2857142857142857,0.2142857142857142,0
Everton,Away,L,0.0,0.6,0.4,0.6,0.2,0.2,3-4-3,4-2-3-1,Matchweek 14,49654.77777777778,Andre Marriner,2020-12-19 17:30:00,0.5714285714285714,0.2142857142857142,0.2142857142857142,0
Chelsea,Home,W,0.0,0.8,0.2,0.4,0.4,0.2,4-2-3-1,4-3-3,Matchweek 15,49998.72222222222,Michael Oliver,2020-12-26 17:30:00,0.1428571428571428,0.3571428571428571,0.5,1
Brighton and Hove Albion,Away,W,0.2,0.6,0.2,0.0,0.4,0.6,4-2-3-1,3-5-2,Matchweek 16,43389.9,Martin Atkinson,2020-12-29 18:00:00,0.1666666666666666,0.3333333333333333,0.5,0
West Bromwich Albion,Away,W,0.4,0.4,0.2,0.0,0.6,0.4,4-2-3-1,4-2-3-1,Matchweek 17,42231.7,Martin Atkinson,2021-01-02 20:00:00,0.6,0.2,0.2,0
Crystal Palace,Home,D,0.6,0.2,0.2,0.2,0.4,0.4,4-2-3-1,4-4-2,Matchweek 18,40437.84210526316,Andre Marriner,2021-01-14 20:00:00,0.5714285714285714,0.2857142857142857,0.1428571428571428,0
Newcastle United,Home,W,0.6,0.2,0.2,0.0,0.6,0.4,4-2-3-1,4-4-2,Matchweek 19,55407.125,David Coote,2021-01-18 20:00:00,0.9166666666666666,0.0,0.0833333333333333,0
Southampton,Away,W,0.8,0.0,0.2,0.2,0.4,0.4,4-2-3-1,4-4-2,Matchweek 20,46416.52941176471,Kevin Friend,2021-01-26 20:15:00,0.4666666666666667,0.3333333333333333,0.2,0
Manchester United,Home,D,0.8,0.0,0.2,0.6,0.2,0.2,4-2-3-1,4-2-3-1,Matchweek 21,67278.22222222222,Michael Oliver,2021-01-30 17:30:00,0.3333333333333333,0.3333333333333333,0.3333333333333333,1
Wolverhampton Wanderers,Away,L,0.6,0.0,0.4,0.0,0.6,0.4,4-2-3-1,4-2-3-1,Matchweek 22,48282.71428571428,Craig Pawson,2021-02-02 18:00:00,0.2,0.4,0.4,0
Aston Villa,Away,L,0.4,0.2,0.4,0.4,0.6,0.0,4-2-3-1,4-2-3-1,Matchweek 23,50293.09090909091,Chris Kavanagh,2021-02-06 12:30:00,0.6666666666666666,0.0,0.3333333333333333,0
Leeds United,Home,W,0.4,0.4,0.2,0.6,0.4,0.0,4-2-3-1,4-1-4-1,Matchweek 24,48314.25,Stuart Attwell,2021-02-14 16:30:00,0.0,1.0,0.0,0
Manchester City,Home,L,0.4,0.4,0.2,1.0,0.0,0.0,4-2-3-1,4-3-3,Matchweek 25,56160.05882352941,Jonathan Moss,2021-02-21 16:30:00,0.1333333333333333,0.2666666666666666,0.6,1
Leicester City,Away,W,0.2,0.6,0.2,0.6,0.2,0.2,4-2-3-1,4-4-2,Matchweek 26,45043.6,Paul Tierney,2021-02-28 12:00:00,0.4615384615384615,0.2307692307692307,0.3076923076923077,0
Burnley,Away,D,0.4,0.6,0.0,0.2,0.2,0.6,4-2-3-1,4-2-3-1,Matchweek 27,37407.46153846154,Andre Marriner,2021-03-06 12:30:00,0.8181818181818182,0.0909090909090909,0.0909090909090909,0
Tottenham Hotspur,Home,W,0.4,0.4,0.2,0.6,0.4,0.0,4-2-3-1,4-2-3-1,Matchweek 28,53860.944444444445,Michael Oliver,2021-03-14 16:30:00,0.2666666666666666,0.4,0.3333333333333333,1
West Ham United,Away,D,0.6,0.2,0.2,0.6,0.4,0.0,4-2-3-1,4-2-3-1,Matchweek 29,55587.72222222222,Jonathan Moss,2021-03-21 15:00:00,0.7333333333333333,0.1333333333333333,0.1333333333333333,0
Liverpool,Home,L,0.4,0.2,0.4,0.4,0.6,0.0,4-2-3-1,4-3-3,Matchweek 30,54853.705882352944,Stuart Attwell,2021-04-03 20:00:00,0.2,0.3333333333333333,0.4666666666666667,1
Sheffield United,Away,W,0.4,0.2,0.4,0.2,0.8,0.0,4-2-3-1,4-2-3-1,Matchweek 31,45542.5,Peter Bankes,2021-04-11 19:00:00,0.3333333333333333,0.3333333333333333,0.3333333333333333,0
Fulham,Home,D,0.4,0.2,0.4,0.2,0.8,0.0,4-2-3-1,4-4-2,Matchweek 32,42583.333333333336,Craig Pawson,2021-04-18 13:30:00,1.0,0.0,0.0,0
Everton,Home,L,0.4,0.2,0.4,0.0,0.4,0.6,4-2-3-1,4-2-3-1,Matchweek 33,49654.77777777778,Jonathan Moss,2021-04-23 20:00:00,0.5333333333333333,0.2,0.2666666666666666,0
Newcastle United,Away,W,0.2,0.4,0.4,0.4,0.2,0.4,4-2-3-1,5-3-2,Matchweek 34,55407.125,Mike Dean,2021-05-02 14:00:00,0.9230769230769232,0.0,0.0769230769230769,0
West Bromwich Albion,Home,W,0.4,0.4,0.2,0.4,0.2,0.4,4-2-3-1,4-2-3-1,Matchweek 35,42231.7,Peter Bankes,2021-05-09 19:00:00,0.6363636363636364,0.1818181818181818,0.1818181818181818,0
Chelsea,Away,W,0.6,0.2,0.2,0.8,0.0,0.2,3-4-3,3-4-3,Matchweek 36,49998.72222222222,Andre Marriner,2021-05-12 20:15:00,0.2,0.3333333333333333,0.4666666666666667,1
Crystal Palace,Away,W,0.6,0.2,0.2,0.4,0.6,0.0,4-2-3-1,4-3-3,Matchweek 37,6500.0,Anthony Taylor,2021-05-19 19:00:00,0.5333333333333333,0.3333333333333333,0.1333333333333333,0
Brighton and Hove Albion,Home,W,0.8,0.2,0.0,0.4,0.4,0.2,4-2-3-1,4-3-3,Matchweek 38,10000.0,Jonathan Moss,2021-05-23 16:00:00,0.2857142857142857,0.2857142857142857,0.4285714285714285,0
Brentford,Away,L,0.0,0.0,0.0,0.0,0.0,0.0,4-2-3-1,3-5-2,Matchweek 1,16479.0,Michael Oliver,2021-08-13 20:00:00,0.0,0.0,0.0,0
Chelsea,Home,L,0.0,1.0,0.0,1.0,0.0,0.0,4-2-3-1,3-4-3,Matchweek 2,58729.0,Paul Tierney,2021-08-22 16:30:00,0.25,0.3125,0.4375,1
Manchester City,Away,L,0.0,1.0,0.0,0.5,0.5,0.0,5-4-1,4-3-3,Matchweek 3,52276.0,Martin Atkinson,2021-08-28 12:30:00,0.125,0.25,0.625,1
Norwich City,Home,W,0.0,1.0,0.0,0.0,1.0,0.0,4-2-3-1,4-2-3-1,Matchweek 4,58000.0,Michael Oliver,2021-09-11 15:00:00,0.6666666666666666,0.3333333333333333,0.0,0
Burnley,Away,W,0.25,0.75,0.0,0.0,0.75,0.25,4-1-4-1,4-1-4-1,Matchweek 5,20000.0,Anthony Taylor,2021-09-18 15:00:00,0.75,0.1666666666666666,0.0833333333333333,0
Tottenham Hotspur,Home,W,0.4,0.6,0.0,0.6,0.4,0.0,4-2-3-1,4-3-3,Matchweek 6,59919.0,Craig Pawson,2021-09-26 16:30:00,0.3125,0.375,0.3125,1
Brighton and Hove Albion,Away,D,0.6,0.4,0.0,0.6,0.2,0.2,4-2-3-1,3-5-2,Matchweek 7,31266.0,Jonathan Moss,2021-10-02 17:30:00,0.375,0.25,0.375,0
Crystal Palace,Home,D,0.6,0.2,0.2,0.2,0.2,0.6,4-1-4-1,4-2-3-1,Matchweek 8,59475.0,Mike Dean,2021-10-18 20:00:00,0.5625,0.3125,0.125,0
Aston Villa,Home,W,0.6,0.0,0.4,0.4,0.6,0.0,4-2-3-1,3-4-1-2,Matchweek 9,59496.0,Craig Pawson,2021-10-22 20:00:00,0.6,0.0,0.4,0
Leicester City,Away,W,0.6,0.0,0.4,0.4,0.2,0.4,4-4-1-1,3-4-1-2,Matchweek 10,32209.0,Michael Oliver,2021-10-30 12:30:00,0.5,0.2142857142857142,0.2857142857142857,0
Watford,Home,W,0.6,0.0,0.4,0.2,0.6,0.2,4-4-1-1,4-4-1-1,Matchweek 11,59833.0,Kevin Friend,2021-11-07 14:00:00,0.7,0.1,0.2,0
Liverpool,Away,L,0.6,0.0,0.4,0.4,0.2,0.4,4-4-1-1,4-3-3,Matchweek 12,53092.0,Michael Oliver,2021-11-20 17:30:00,0.1875,0.3125,0.5,1
Newcastle United,Home,W,0.6,0.2,0.2,0.0,0.4,0.6,4-4-1-1,4-4-2,Matchweek 13,59886.0,Stuart Attwell,2021-11-27 12:30:00,0.9285714285714286,0.0,0.0714285714285714,0
Manchester United,Away,L,0.8,0.2,0.0,0.2,0.6,0.2,4-4-1-1,4-2-3-1,Matchweek 14,73123.0,Martin Atkinson,2021-12-02 20:15:00,0.3125,0.375,0.3125,1
Everton,Away,L,0.6,0.4,0.0,0.0,0.8,0.2,4-2-3-1,4-4-1-1,Matchweek 15,38906.0,Mike Dean,2021-12-06 20:00:00,0.5,0.1875,0.3125,0
Southampton,Home,W,0.4,0.6,0.0,0.2,0.4,0.4,4-4-1-1,4-4-2,Matchweek 16,59653.0,Jarred Gillett,2021-12-11 15:00:00,0.5,0.3125,0.1875,0
West Ham United,Home,W,0.4,0.6,0.0,0.2,0.4,0.4,4-4-1-1,4-2-3-1,Matchweek 17,59777.0,Anthony Taylor,2021-12-15 20:00:00,0.6875,0.1875,0.125,0
Leeds United,Away,W,0.6,0.4,0.0,0.2,0.4,0.4,4-2-3-1,4-2-3-1,Matchweek 18,36166.0,Andre Marriner,2021-12-18 17:30:00,0.5,0.5,0.0,0
Norwich City,Away,W,0.6,0.4,0.0,0.0,0.6,0.4,4-2-3-1,4-2-3-1,Matchweek 19,26940.0,Graham Scott,2021-12-26 15:00:00,0.7142857142857143,0.2857142857142857,0.0,0
Manchester City,Home,L,0.8,0.2,0.0,1.0,0.0,0.0,4-2-3-1,4-2-3-1,Matchweek 21,59757.0,Stuart Attwell,2022-01-01 12:30:00,0.1176470588235294,0.2352941176470588,0.6470588235294118,1
Burnley,Home,D,0.8,0.2,0.0,0.0,0.6,0.4,4-1-4-1,4-1-4-1,Matchweek 23,59255.0,David Coote,2022-01-23 14:00:00,0.7692307692307693,0.1538461538461538,0.0769230769230769,0
Wolverhampton Wanderers,Away,W,0.6,0.2,0.2,0.8,0.0,0.2,4-2-3-1,3-4-3,Matchweek 24,31523.0,Michael Oliver,2022-02-10 19:45:00,0.1666666666666666,0.3333333333333333,0.5,0
Brentford,Home,W,0.6,0.2,0.2,0.0,0.8,0.2,4-2-3-1,3-5-2,Matchweek 26,59249.0,Jonathan Moss,2022-02-19 15:00:00,0.0,0.0,1.0,0
Wolverhampton Wanderers,Home,W,0.6,0.2,0.2,0.8,0.2,0.0,4-2-3-1,3-4-3,Matchweek 20,59888.0,Martin Atkinson,2022-02-24 19:45:00,0.2857142857142857,0.2857142857142857,0.4285714285714285,0
Watford,Away,W,0.6,0.2,0.2,0.2,0.6,0.2,4-2-3-1,4-2-3-1,Matchweek 28,21142.0,Craig Pawson,2022-03-06 14:00:00,0.7272727272727273,0.0909090909090909,0.1818181818181818,0
Leicester City,Home,W,0.8,0.0,0.2,0.4,0.4,0.2,4-2-3-1,4-2-3-1,Matchweek 29,60111.0,Anthony Taylor,2022-03-13 16:30:00,0.5333333333333333,0.2,0.2666666666666666,0
Liverpool,Home,L,1.0,0.0,0.0,1.0,0.0,0.0,4-2-3-1,4-3-3,Matchweek 27,59968.0,Andre Marriner,2022-03-16 20:15:00,0.1764705882352941,0.2941176470588235,0.5294117647058824,1
Aston Villa,Away,W,0.8,0.2,0.0,0.6,0.4,0.0,4-2-3-1,4-3-2-1,Matchweek 30,41956.0,Andy Madley,2022-03-19 12:30:00,0.6363636363636364,0.0,0.3636363636363636,0
Crystal Palace,Away,L,0.8,0.2,0.0,0.4,0.2,0.4,4-2-3-1,4-2-3-1,Matchweek 31,25149.0,Paul Tierney,2022-04-04 20:00:00,0.5294117647058824,0.3529411764705882,0.1176470588235294,0
Brighton and Hove Albion,Home,L,0.6,0.4,0.0,0.0,0.8,0.2,4-2-3-1,3-5-2,Matchweek 32,60112.0,David Coote,2022-04-09 15:00:00,0.3333333333333333,0.3333333333333333,0.3333333333333333,0
Southampton,Away,L,0.4,0.6,0.0,0.0,0.8,0.2,4-2-3-1,3-4-3,Matchweek 33,31465.0,Peter Bankes,2022-04-16 15:00:00,0.5294117647058824,0.2941176470588235,0.1764705882352941,0
Chelsea,Away,W,0.2,0.8,0.0,0.8,0.2,0.0,4-2-3-1,3-4-1-2,Matchweek 25,32249.0,Jonathan Moss,2022-04-20 19:45:00,0.2352941176470588,0.2941176470588235,0.4705882352941176,1
Manchester United,Home,W,0.4,0.6,0.0,0.4,0.4,0.2,4-2-3-1,4-2-3-1,Matchweek 34,60223.0,Craig Pawson,2022-04-23 12:30:00,0.2941176470588235,0.3529411764705882,0.3529411764705882,1
West Ham United,Away,W,0.4,0.6,0.0,0.2,0.6,0.2,4-2-3-1,4-2-3-1,Matchweek 35,59959.0,Mike Dean,2022-05-01 16:30:00,0.7058823529411765,0.1764705882352941,0.1176470588235294,0
Leeds United,Home,W,0.6,0.4,0.0,0.4,0.2,0.4,4-2-3-1,4-2-3-1,Matchweek 36,60108.0,Chris Kavanagh,2022-05-08 14:00:00,0.6666666666666666,0.3333333333333333,0.0,0
Tottenham Hotspur,Away,L,0.8,0.2,0.0,0.4,0.2,0.4,4-3-3,3-4-3,Matchweek 22,62027.0,Paul Tierney,2022-05-12 19:45:00,0.3529411764705882,0.3529411764705882,0.2941176470588235,1
Newcastle United,Away,L,0.8,0.2,0.0,0.6,0.4,0.0,4-2-3-1,4-3-3,Matchweek 37,52274.0,Darren England,2022-05-16 20:00:00,0.9333333333333332,0.0,0.0666666666666666,0
Everton,Home,W,0.6,0.4,0.0,0.6,0.2,0.2,4-2-3-1,5-4-1,Matchweek 38,60201.0,Andre Marriner,2022-05-22 16:00:00,0.4705882352941176,0.1764705882352941,0.3529411764705882,0
Crystal Palace,Away,W,0.0,0.0,0.0,0.0,0.0,0.0,4-3-3,4-2-3-1,Matchweek 1,25286.0,Anthony Taylor,2022-08-05 20:00:00,0.5,0.3333333333333333,0.1666666666666666,0
Leicester City,Home,W,1.0,0.0,0.0,0.0,0.0,1.0,4-3-3,3-5-1-1,Matchweek 2,60033.0,Darren England,2022-08-13 15:00:00,0.5625,0.1875,0.25,0
Bournemouth,Away,W,1.0,0.0,0.0,0.5,0.5,0.0,4-3-3,3-1-4-2,Matchweek 3,10423.0,Craig Pawson,2022-08-20 17:30:00,0.7,0.2,0.1,0
Fulham,Home,W,1.0,0.0,0.0,0.3333333333333333,0.0,0.6666666666666666,4-3-3,4-2-3-1,Matchweek 4,60164.0,Jarred Gillett,2022-08-27 17:30:00,0.8333333333333334,0.1666666666666666,0.0,0
Aston Villa,Home,W,1.0,0.0,0.0,0.25,0.75,0.0,4-3-3,4-3-3,Matchweek 5,60012.0,Robert Jones,2022-08-31 19:30:00,0.6666666666666666,0.0,0.3333333333333333,0
Manchester United,Away,L,1.0,0.0,0.0,0.6,0.4,0.0,4-3-3,4-2-3-1,Matchweek 6,73431.0,Paul Tierney,2022-09-04 16:30:00,0.3333333333333333,0.3333333333333333,0.3333333333333333,1
Brentford,Away,W,0.8,0.2,0.0,0.4,0.2,0.4,4-3-3,3-5-2,Matchweek 8,17122.0,David Coote,2022-09-18 12:00:00,0.5,0.0,0.5,0
Tottenham Hotspur,Home,W,0.8,0.2,0.0,0.8,0.0,0.2,4-3-3,3-4-3,Matchweek 9,60278.0,Anthony Taylor,2022-10-01 12:30:00,0.3333333333333333,0.3333333333333333,0.3333333333333333,1
Liverpool,Home,W,0.8,0.2,0.0,0.4,0.2,0.4,4-3-3,4-2-3-1,Matchweek 10,60059.0,Michael Oliver,2022-10-09 16:30:00,0.1666666666666666,0.2777777777777778,0.5555555555555556,1
Leeds United,Away,W,0.8,0.2,0.0,0.0,0.6,0.4,4-3-3,4-2-3-1,Matchweek 11,36700.0,Chris Kavanagh,2022-10-16 14:00:00,0.75,0.25,0.0,0
Southampton,Away,D,0.8,0.2,0.0,0.2,0.6,0.2,4-3-3,4-4-2,Matchweek 13,31145.0,Robert Jones,2022-10-23 14:00:00,0.5,0.2777777777777778,0.2222222222222222,0
Nottingham Forest,Home,W,0.8,0.0,0.2,0.2,0.4,0.4,4-3-3,4-3-3,Matchweek 14,60263.0,Simon Hooper,2022-10-30 14:00:00,0.0,0.0,0.0,0
Chelsea,Away,W,0.8,0.0,0.2,0.4,0.2,0.4,4-3-3,4-2-3-1,Matchweek 15,40142.0,Michael Oliver,2022-11-06 12:00:00,0.2777777777777778,0.2777777777777778,0.4444444444444444,1
Wolverhampton Wanderers,Away,W,0.8,0.0,0.2,0.2,0.6,0.2,4-3-3,5-3-2,Matchweek 16,34624.0,Stuart Attwell,2022-11-12 19:45:00,0.375,0.25,0.375,0
West Ham United,Home,W,0.8,0.0,0.2,0.2,0.8,0.0,4-3-3,4-2-3-1,Matchweek 17,60125.0,Michael Oliver,2022-12-26 20:00:00,0.7222222222222222,0.1666666666666666,0.1111111111111111,0
Brighton and Hove Albion,Away,W,0.8,0.0,0.2,0.6,0.4,0.0,4-3-3,4-2-3-1,Matchweek 18,31647.0,Anthony Taylor,2022-12-31 17:30:00,0.3,0.3,0.4,0
Newcastle United,Home,D,1.0,0.0,0.0,0.8,0.0,0.2,4-3-3,4-3-3,Matchweek 19,60319.0,Andy Madley,2023-01-03 19:45:00,0.875,0.0,0.125,0
Tottenham Hotspur,Away,W,0.8,0.0,0.2,0.4,0.4,0.2,4-3-3,3-4-3,Matchweek 20,61870.0,Craig Pawson,2023-01-15 16:30:00,0.3684210526315789,0.3157894736842105,0.3157894736842105,1
Manchester United,Home,W,0.8,0.0,0.2,0.8,0.0,0.2,4-3-3,4-2-3-1,Matchweek 21,60325.0,Anthony Taylor,2023-01-22 16:30:00,0.3157894736842105,0.3157894736842105,0.3684210526315789,1
Everton,Away,L,0.8,0.0,0.2,0.0,0.8,0.2,4-3-3,4-5-1,Matchweek 22,39314.0,David Coote,2023-02-04 12:30:00,0.5,0.1666666666666666,0.3333333333333333,0
Brentford,Home,D,0.6,0.2,0.2,0.8,0.0,0.2,4-3-3,3-5-2,Matchweek 23,60254.0,Peter Bankes,2023-02-11 15:00:00,0.6666666666666666,0.0,0.3333333333333333,0
Manchester City,Home,L,0.4,0.2,0.4,0.6,0.4,0.0,4-3-3,4-1-4-1,Matchweek 12,60276.0,Anthony Taylor,2023-02-15 19:30:00,0.1111111111111111,0.2222222222222222,0.6666666666666666,1
Aston Villa,Away,W,0.4,0.4,0.2,0.4,0.4,0.2,4-3-3,4-4-2,Matchweek 24,42066.0,Simon Hooper,2023-02-18 12:30:00,0.6923076923076923,0.0,0.3076923076923077,0
Leicester City,Away,W,0.4,0.4,0.2,0.4,0.4,0.2,4-3-3,4-3-3,Matchweek 25,32227.0,Craig Pawson,2023-02-25 15:00:00,0.5882352941176471,0.1764705882352941,0.2352941176470588,0
Everton,Home,W,0.4,0.4,0.2,0.4,0.6,0.0,4-3-3,4-5-1,Matchweek 7,60213.0,Michael Oliver,2023-03-01 19:45:00,0.4736842105263157,0.1578947368421052,0.3684210526315789,0
Bournemouth,Home,W,0.6,0.2,0.2,0.2,0.4,0.4,4-3-3,5-4-1,Matchweek 26,60222.0,Chris Kavanagh,2023-03-04 15:00:00,0.7272727272727273,0.1818181818181818,0.0909090909090909,0
Fulham,Away,W,0.8,0.2,0.0,0.4,0.2,0.4,4-3-3,4-2-3-1,Matchweek 27,24426.0,David Coote,2023-03-12 14:00:00,0.8571428571428571,0.1428571428571428,0.0,0
Crystal Palace,Home,W,1.0,0.0,0.0,0.0,0.6,0.4,4-3-3,4-2-3-1,Matchweek 28,60247.0,Stuart Attwell,2023-03-19 14:00:00,0.5263157894736842,0.3157894736842105,0.1578947368421052,0
Leeds United,Home,W,1.0,0.0,0.0,0.4,0.4,0.2,4-3-3,4-3-3,Matchweek 29,60283.0,Darren England,2023-04-01 15:00:00,0.8,0.2,0.0,0
Liverpool,Away,D,1.0,0.0,0.0,0.4,0.4,0.2,4-3-3,4-3-3,Matchweek 30,53267.0,Paul Tierney,2023-04-09 16:30:00,0.2105263157894736,0.2631578947368421,0.5263157894736842,1
West Ham United,Away,D,0.8,0.0,0.2,0.4,0.4,0.2,4-3-3,4-3-3,Matchweek 31,62481.0,David Coote,2023-04-16 14:00:00,0.7368421052631579,0.1578947368421052,0.1052631578947368,0
Southampton,Home,D,0.6,0.0,0.4,0.0,0.8,0.2,4-3-3,4-4-2,Matchweek 32,60175.0,Simon Hooper,2023-04-21 20:00:00,0.4736842105263157,0.3157894736842105,0.2105263157894736,0
Manchester City,Away,L,0.4,0.0,0.6,1.0,0.0,0.0,4-3-3,4-3-3,Matchweek 33,53482.0,Michael Oliver,2023-04-26 20:00:00,0.1052631578947368,0.2105263157894736,0.6842105263157895,1
Chelsea,Home,W,0.2,0.2,0.6,0.0,0.8,0.2,4-3-3,4-3-3,Matchweek 34,60144.0,Robert Jones,2023-05-02 20:00:00,0.3157894736842105,0.2631578947368421,0.4210526315789473,1
Newcastle United,Away,W,0.2,0.2,0.6,0.8,0.2,0.0,4-3-3,4-3-3,Matchweek 35,50267.0,Chris Kavanagh,2023-05-07 16:30:00,0.8235294117647058,0.0588235294117647,0.1176470588235294,0
Brighton and Hove Albion,Home,L,0.4,0.2,0.4,0.6,0.4,0.0,4-3-3,4-2-3-1,Matchweek 36,60139.0,Andy Madley,2023-05-14 16:30:00,0.3636363636363636,0.2727272727272727,0.3636363636363636,0
Nottingham Forest,Away,L,0.4,0.4,0.2,0.4,0.4,0.2,4-3-3,3-4-3,Matchweek 37,29514.0,Anthony Taylor,2023-05-20 17:30:00,1.0,0.0,0.0,0
Wolverhampton Wanderers,Home,W,0.4,0.6,0.0,0.4,0.4,0.2,4-3-3,4-3-3,Matchweek 38,60095.0,Andre Marriner,2023-05-28 16:30:00,0.4444444444444444,0.2222222222222222,0.3333333333333333,0
