team,opponent,venue,result,win_before_team1,lose_before_team1,draw_before_team1,win_before_team2,lose_before_team2,draw_before_team2,formation_team1,formation_team2,round,attendance,referee,date_time,history_team1_win_team2,history_team1_draw_team2,is_component_big6,is_opponent_big6
Manchester City,Newcastle United,Home,W,0.0,0.0,0.0,0.0,0.0,0.0,4-4-1-1,4-3-3,Matchweek 1,46842.0,Andre Marriner,2013-08-19 00:00:00,0.0,0.0,0,0
Manchester City,Cardiff City,Away,L,1.0,0.0,0.0,0.0,1.0,0.0,4-4-1-1,4-4-1-1,Matchweek 2,27068.0,Lee Probert,2013-08-25 00:00:00,0.0,0.0,0,0
Manchester City,Hull City,Home,W,0.5,0.5,0.0,0.0,1.0,0.0,4-4-2,4-4-2,Matchweek 3,46903.0,Phil Dowd,2013-08-31 00:00:00,0.0,0.0,0,0
Manchester City,Stoke City,Away,D,0.6666666666666666,0.3333333333333333,0.0,0.6666666666666666,0.3333333333333333,0.0,4-2-3-1,4-2-3-1,Matchweek 4,25052.0,Mark Clattenburg,2013-09-14 00:00:00,0.0,0.0,0,0
Manchester City,Manchester United,Home,W,0.5,0.25,0.25,0.5,0.25,0.25,4-4-1-1,4-2-3-1,Matchweek 5,47156.0,Howard Webb,2013-09-22 00:00:00,0.0,0.0,1,1
Aston Villa,Manchester City,Home,W,0.4,0.6,0.0,0.6,0.2,0.2,3-5-2,4-4-2,Matchweek 6,34063.0,Mike Jones,2013-09-28 00:00:00,0.0,0.0,1,1
Everton,Manchester City,Away,L,0.6,0.0,0.4,0.4,0.4,0.2,4-2-3-1,4-4-2,Matchweek 7,47267.0,Jon Moss,2013-10-05 00:00:00,0.0,0.0,1,1
Manchester City,West Ham United,Away,W,0.6,0.2,0.2,0.2,0.6,0.2,4-4-2,4-2-2-2,Matchweek 8,34507.0,Michael Oliver,2013-10-19 00:00:00,0.0,0.0,0,0
Chelsea,Manchester City,Home,W,0.6,0.2,0.2,0.6,0.2,0.2,4-2-3-1,4-2-3-1,Matchweek 9,41495.0,Howard Webb,2013-10-27 00:00:00,0.0,0.0,1,1
Manchester City,Norwich City,Home,W,0.6,0.4,0.0,0.2,0.8,0.0,4-4-2,4-4-2,Matchweek 10,47066.0,Phil Dowd,2013-11-02 00:00:00,0.0,0.0,0,0
Manchester City,Sunderland,Away,L,0.6,0.4,0.0,0.2,0.8,0.0,4-4-1-1,4-4-1-1,Matchweek 11,40137.0,Mike Dean,2013-11-10 00:00:00,0.0,0.0,0,0
Manchester City,Tottenham Hotspur,Home,W,0.6,0.4,0.0,0.4,0.4,0.2,4-4-1-1,4-2-3-1,Matchweek 12,47228.0,Howard Webb,2013-11-24 00:00:00,0.0,0.0,1,1
Manchester City,Swansea City,Home,W,0.6,0.4,0.0,0.4,0.4,0.2,4-4-2,4-4-2,Matchweek 13,46559.0,Mark Clattenburg,2013-12-01 00:00:00,0.0,0.0,0,0
Manchester City,West Bromwich Albion,Away,W,0.6,0.4,0.0,0.2,0.4,0.4,4-4-2,4-4-2,Matchweek 14,22943.0,Chris Foy,2013-12-04 00:00:00,0.0,0.0,0,0
Manchester City,Southampton,Away,D,0.8,0.2,0.0,0.2,0.6,0.2,4-4-2,4-2-3-1,Matchweek 15,31229.0,Anthony Taylor,2013-12-07 00:00:00,0.0,0.0,0,0
Arsenal,Manchester City,Away,L,0.6,0.2,0.2,0.6,0.2,0.2,4-2-3-1,4-4-2,Matchweek 16,47229.0,Martin Atkinson,2013-12-14 00:00:00,0.0,0.0,1,1
Fulham,Manchester City,Home,L,0.2,0.8,0.0,0.8,0.0,0.2,4-3-3,4-4-2,Matchweek 17,25509.0,Kevin Friend,2013-12-21 00:00:00,0.0,0.0,1,1
Liverpool,Manchester City,Away,L,0.8,0.2,0.0,0.8,0.0,0.2,4-3-3,4-2-3-1,Matchweek 18,47351.0,Lee Mason,2013-12-26 00:00:00,0.0,0.0,1,1
Crystal Palace,Manchester City,Away,L,0.6,0.4,0.0,0.8,0.0,0.2,4-5-1,4-2-3-1,Matchweek 19,47107.0,Andre Marriner,2013-12-28 00:00:00,0.0,0.0,1,1
Manchester City,Swansea City,Away,W,0.8,0.0,0.2,0.2,0.6,0.2,4-4-2,4-4-2,Matchweek 20,20498.0,Phil Dowd,2014-01-01 00:00:00,1.0,0.0,0,0
Manchester City,Newcastle United,Away,W,1.0,0.0,0.0,0.4,0.4,0.2,4-2-2-2,4-2-3-1,Matchweek 21,49423.0,Mike Jones,2014-01-12 00:00:00,1.0,0.0,0,0
Manchester City,Cardiff City,Home,W,1.0,0.0,0.0,0.0,1.0,0.0,4-4-2,4-4-2,Matchweek 22,47213.0,Neil Swarbrick,2014-01-18 00:00:00,0.0,0.0,0,0
Manchester City,Tottenham Hotspur,Away,W,1.0,0.0,0.0,0.8,0.0,0.2,4-4-2,4-2-3-1,Matchweek 23,36071.0,Andre Marriner,2014-01-29 00:00:00,1.0,0.0,1,1
Chelsea,Manchester City,Away,W,0.8,0.0,0.2,1.0,0.0,0.0,4-2-3-1,4-4-2,Matchweek 24,47364.0,Mike Dean,2014-02-03 00:00:00,1.0,0.0,1,1
Manchester City,Norwich City,Away,D,0.8,0.2,0.0,0.0,0.6,0.4,4-4-2,4-4-2,Matchweek 25,26832.0,Jon Moss,2014-02-08 00:00:00,1.0,0.0,0,0
Manchester City,Stoke City,Home,W,0.6,0.2,0.2,0.2,0.4,0.4,4-2-2-2,4-2-2-2,Matchweek 27,47038.0,Chris Foy,2014-02-22 00:00:00,0.0,1.0,0,0
Manchester City,Hull City,Away,W,0.6,0.2,0.2,0.0,0.8,0.2,4-2-3-1,4-2-3-1,Matchweek 30,24895.0,Lee Mason,2014-03-15 00:00:00,1.0,0.0,0,0
Fulham,Manchester City,Away,L,0.2,0.6,0.2,0.6,0.2,0.2,4-3-3,4-2-3-1,Matchweek 31,47262.0,Jon Moss,2014-03-22 00:00:00,0.0,0.0,1,1
Manchester City,Manchester United,Away,W,0.6,0.2,0.2,0.6,0.2,0.2,4-2-3-1,4-3-3,Matchweek 28,75203.0,Michael Oliver,2014-03-25 00:00:00,1.0,0.0,1,1
Arsenal,Manchester City,Home,D,0.4,0.4,0.2,0.8,0.0,0.2,4-2-3-1,4-2-3-1,Matchweek 32,60060.0,Mike Dean,2014-03-29 00:00:00,0.0,0.0,1,1
Manchester City,Southampton,Home,W,0.8,0.0,0.2,0.6,0.4,0.0,4-2-3-1,4-2-3-1,Matchweek 33,47009.0,Chris Foy,2014-04-05 00:00:00,0.0,1.0,0,0
Liverpool,Manchester City,Home,W,1.0,0.0,0.0,0.8,0.0,0.2,4-1-2-1-2,4-4-2,Matchweek 34,44601.0,Mark Clattenburg,2014-04-13 00:00:00,0.0,0.0,1,1
Manchester City,Sunderland,Home,D,0.6,0.2,0.2,0.0,0.8,0.2,4-4-1-1,4-4-1-1,Matchweek 26,47046.0,Martin Atkinson,2014-04-16 00:00:00,0.0,0.0,0,0
Manchester City,West Bromwich Albion,Home,W,0.4,0.2,0.4,0.0,0.4,0.6,4-2-2-2,4-2-2-2,Matchweek 35,46564.0,Phil Dowd,2014-04-21 00:00:00,1.0,0.0,0,0
Crystal Palace,Manchester City,Home,L,1.0,0.0,0.0,0.4,0.2,0.4,4-4-1-1,4-4-2,Matchweek 36,24769.0,Howard Webb,2014-04-27 00:00:00,0.0,0.0,1,1
Everton,Manchester City,Home,L,0.6,0.4,0.0,0.6,0.2,0.2,3-4-3,4-4-2,Matchweek 37,39454.0,Lee Probert,2014-05-03 00:00:00,0.0,0.0,1,1
Aston Villa,Manchester City,Away,L,0.2,0.6,0.2,0.6,0.2,0.2,5-3-2,4-2-3-1,Matchweek 29,47023.0,Michael Oliver,2014-05-07 00:00:00,1.0,0.0,1,1
Manchester City,West Ham United,Home,W,0.8,0.0,0.2,0.2,0.8,0.0,4-4-2,4-2-3-1,Matchweek 38,47300.0,Martin Atkinson,2014-05-11 00:00:00,1.0,0.0,0,0
Manchester City,Newcastle United,Away,W,0.0,0.0,0.0,0.0,0.0,0.0,4-4-2,4-1-4-1,Matchweek 1,50816.0,Martin Atkinson,2014-08-17 16:00:00,1.0,0.0,0,0
Liverpool,Manchester City,Away,L,1.0,0.0,0.0,1.0,0.0,0.0,4-3-3,4-4-1-1,Matchweek 2,45471.0,Michael Oliver,2014-08-25 20:00:00,0.5,0.0,1,1
Manchester City,Stoke City,Home,L,1.0,0.0,0.0,0.0,1.0,0.0,4-4-1-1,4-4-1-1,Matchweek 3,45622.0,Lee Mason,2014-08-30 15:00:00,0.5,0.5,0,0
Arsenal,Manchester City,Home,D,0.3333333333333333,0.0,0.6666666666666666,0.6666666666666666,0.3333333333333333,0.0,4-1-4-1,4-2-3-1,Matchweek 4,60003.0,Mark Clattenburg,2014-09-13 12:45:00,0.0,0.5,1,1
Chelsea,Manchester City,Away,D,1.0,0.0,0.0,0.5,0.25,0.25,4-2-3-1,4-4-2,Matchweek 5,45602.0,Mike Dean,2014-09-21 16:00:00,1.0,0.0,1,1
Manchester City,Hull City,Away,W,0.4,0.2,0.4,0.0,0.3333333333333333,0.6666666666666666,4-4-2,4-4-2,Matchweek 6,22859.0,Anthony Taylor,2014-09-27 15:00:00,1.0,0.0,0,0
Aston Villa,Manchester City,Home,L,0.4,0.4,0.2,0.4,0.2,0.4,4-3-3,4-4-2,Matchweek 7,32964.0,Chris Foy,2014-10-04 17:30:00,0.5,0.0,1,1
Manchester City,Tottenham Hotspur,Home,W,0.4,0.2,0.4,0.2,0.4,0.4,4-2-3-1,4-2-3-1,Matchweek 8,45549.0,Jonathan Moss,2014-10-18 12:45:00,1.0,0.0,1,1
Manchester City,West Ham United,Away,L,0.6,0.0,0.4,0.6,0.2,0.2,4-4-2,4-1-2-1-2,Matchweek 9,34977.0,Martin Atkinson,2014-10-25 12:45:00,1.0,0.0,0,0
Manchester City,Manchester United,Home,W,0.6,0.2,0.2,0.4,0.2,0.4,4-4-2,4-1-4-1,Matchweek 10,45358.0,Michael Oliver,2014-11-02 13:30:00,1.0,0.0,1,1
Manchester City,QPR,Away,D,0.8,0.2,0.0,0.2,0.8,0.0,4-2-3-1,4-2-3-1,Matchweek 11,18005.0,Mike Dean,2014-11-08 17:30:00,0.0,0.0,0,0
Manchester City,Swansea City,Home,W,0.6,0.2,0.2,0.4,0.2,0.4,4-4-1-1,4-4-1-1,Matchweek 12,45448.0,Niel Swarbrick,2014-11-22 15:00:00,1.0,0.0,0,0
Manchester City,Southampton,Away,W,0.6,0.2,0.2,0.8,0.0,0.2,4-4-2,4-3-3,Matchweek 13,30919.0,Mark Jones,2014-11-30 13:30:00,0.5,0.5,0,0
Manchester City,Sunderland,Away,W,0.6,0.2,0.2,0.2,0.2,0.6,4-4-1-1,4-4-1-1,Matchweek 14,41152.0,Craig Pawson,2014-12-03 19:45:00,0.0,0.5,0,0
Everton,Manchester City,Away,L,0.2,0.2,0.6,0.8,0.0,0.2,4-2-3-1,4-4-1-1,Matchweek 15,45603.0,Andre Marriner,2014-12-06 17:30:00,0.0,0.0,1,1
Leicester City,Manchester City,Home,L,0.0,0.8,0.2,0.8,0.0,0.2,4-5-1,4-2-3-1,Matchweek 16,31643.0,Jonathan Moss,2014-12-13 15:00:00,0.0,0.0,1,1
Crystal Palace,Manchester City,Away,L,0.2,0.2,0.6,1.0,0.0,0.0,4-1-4-1,4-2-3-1,Matchweek 17,45302.0,Philip Dowd,2014-12-20 12:45:00,0.0,0.0,1,1
Manchester City,West Bromwich Albion,Away,W,1.0,0.0,0.0,0.2,0.8,0.0,4-2-3-1,4-2-3-1,Matchweek 18,26040.0,Mark Clattenburg,2014-12-26 15:00:00,1.0,0.0,0,0
Manchester City,Burnley,Home,D,1.0,0.0,0.0,0.2,0.4,0.4,4-2-3-1,4-2-3-1,Matchweek 19,45608.0,Kevin Friend,2014-12-28 15:00:00,0.0,0.0,0,0
Manchester City,Sunderland,Home,W,0.8,0.0,0.2,0.2,0.2,0.6,4-2-3-1,4-2-3-1,Matchweek 20,45367.0,Chris Foy,2015-01-01 15:00:00,0.3333333333333333,0.3333333333333333,0,0
Everton,Manchester City,Home,D,0.2,0.8,0.0,0.8,0.0,0.2,4-2-3-1,4-2-3-1,Matchweek 21,39499.0,Martin Atkinson,2015-01-10 15:00:00,0.0,0.0,1,1
Arsenal,Manchester City,Away,W,0.6,0.2,0.2,0.6,0.0,0.4,4-1-4-1,4-2-3-1,Matchweek 22,45596.0,Mike Dean,2015-01-18 16:00:00,0.0,0.6666666666666666,1,1
Chelsea,Manchester City,Home,D,0.6,0.2,0.2,0.4,0.2,0.4,4-2-3-1,4-2-3-1,Matchweek 23,41620.0,Mark Clattenburg,2015-01-31 17:30:00,0.6666666666666666,0.3333333333333333,1,1
Manchester City,Hull City,Home,D,0.2,0.2,0.6,0.2,0.8,0.0,4-4-2,4-4-2,Matchweek 24,45233.0,Jonathan Moss,2015-02-07 15:00:00,1.0,0.0,0,0
Manchester City,Stoke City,Away,W,0.2,0.2,0.6,0.4,0.2,0.4,4-4-1-1,4-4-1-1,Matchweek 25,27011.0,Lee Mason,2015-02-11 19:45:00,0.3333333333333333,0.3333333333333333,0,0
Manchester City,Newcastle United,Home,W,0.2,0.2,0.6,0.2,0.4,0.4,4-4-2,4-2-3-1,Matchweek 26,45602.0,Chris Foy,2015-02-21 17:30:00,1.0,0.0,0,0
Liverpool,Manchester City,Home,W,0.8,0.0,0.2,0.4,0.2,0.4,3-4-3,4-4-2,Matchweek 27,44590.0,Mark Clattenburg,2015-03-01 12:00:00,0.3333333333333333,0.0,1,1
Leicester City,Manchester City,Away,L,0.0,0.8,0.2,0.4,0.2,0.4,5-4-1,4-4-2,Matchweek 28,45000.0,Robert Madley,2015-03-04 19:45:00,0.0,0.0,1,1
Manchester City,Burnley,Away,L,0.6,0.2,0.2,0.0,0.6,0.4,4-4-2,4-4-2,Matchweek 29,21216.0,Andre Marriner,2015-03-14 17:30:00,0.0,1.0,0,0
Manchester City,West Bromwich Albion,Home,W,0.6,0.4,0.0,0.2,0.4,0.4,4-4-2,4-4-2,Matchweek 30,45018.0,Niel Swarbrick,2015-03-21 12:45:00,1.0,0.0,0,0
Crystal Palace,Manchester City,Home,W,0.6,0.4,0.0,0.6,0.4,0.0,4-1-4-1,4-4-2,Matchweek 31,24718.0,Michael Oliver,2015-04-06 20:00:00,0.0,0.0,1,1
Manchester City,Manchester United,Away,L,0.4,0.6,0.0,1.0,0.0,0.0,4-4-1-1,4-1-4-1,Matchweek 32,75313.0,Mark Clattenburg,2015-04-12 16:00:00,1.0,0.0,1,1
Manchester City,West Ham United,Home,W,0.4,0.6,0.0,0.2,0.6,0.2,4-2-3-1,4-3-3,Matchweek 33,45041.0,Anthony Taylor,2015-04-19 13:30:00,0.6666666666666666,0.0,0,0
Aston Villa,Manchester City,Away,L,0.4,0.4,0.2,0.4,0.6,0.0,4-5-1,4-2-3-1,Matchweek 34,45036.0,Mike Dean,2015-04-25 17:30:00,0.3333333333333333,0.0,1,1
Manchester City,Tottenham Hotspur,Away,W,0.6,0.4,0.0,0.4,0.2,0.4,4-2-3-1,4-2-3-1,Matchweek 35,35784.0,Andre Marriner,2015-05-03 16:00:00,1.0,0.0,1,1
Manchester City,QPR,Home,W,0.6,0.4,0.0,0.0,0.6,0.4,4-2-3-1,4-2-3-1,Matchweek 36,44564.0,Mike Dean,2015-05-10 13:30:00,0.0,1.0,0,0
Manchester City,Swansea City,Away,W,0.8,0.2,0.0,0.6,0.2,0.2,4-2-3-1,4-2-3-1,Matchweek 37,20669.0,Mark Clattenburg,2015-05-17 13:30:00,1.0,0.0,0,0
Manchester City,Southampton,Home,W,1.0,0.0,0.0,0.2,0.6,0.2,4-2-3-1,4-2-3-1,Matchweek 38,45919.0,Chris Foy,2015-05-24 15:00:00,0.6666666666666666,0.3333333333333333,0,0
Manchester City,West Bromwich Albion,Away,W,0.0,0.0,0.0,0.0,0.0,0.0,4-2-3-1,4-2-3-1,Matchweek 1,24564.0,Mike Dean,2015-08-10 20:00:00,1.0,0.0,0,0
Chelsea,Manchester City,Away,L,0.0,0.0,1.0,1.0,0.0,0.0,4-2-3-1,4-2-3-1,Matchweek 2,54331.0,Martin Atkinson,2015-08-16 16:00:00,0.5,0.5,1,1
Everton,Manchester City,Home,L,0.5,0.0,0.5,1.0,0.0,0.0,4-2-3-1,4-2-3-1,Matchweek 3,38523.0,Anthony Taylor,2015-08-23 16:00:00,0.0,0.25,1,1
Manchester City,Watford,Home,W,1.0,0.0,0.0,0.0,0.0,1.0,4-2-3-1,4-2-3-1,Matchweek 4,53218.0,Mark Clattenburg,2015-08-29 15:00:00,0.0,0.0,0,0
Crystal Palace,Manchester City,Home,L,0.75,0.25,0.0,1.0,0.0,0.0,4-2-3-1,4-4-2,Matchweek 5,25167.0,Mike Jones,2015-09-12 15:00:00,0.25,0.0,1,1
Manchester City,West Ham United,Home,L,1.0,0.0,0.0,0.6,0.4,0.0,4-2-3-1,4-1-4-1,Matchweek 6,53545.0,Robert Madley,2015-09-19 17:30:00,0.75,0.0,0,0
Manchester City,Tottenham Hotspur,Away,L,0.8,0.2,0.0,0.4,0.0,0.6,4-2-3-1,4-2-3-1,Matchweek 7,35867.0,Mark Clattenburg,2015-09-26 12:45:00,1.0,0.0,1,1
Manchester City,Newcastle United,Home,W,0.6,0.4,0.0,0.0,0.6,0.4,4-2-3-1,4-2-3-1,Matchweek 8,53850.0,Kevin Friend,2015-10-03 15:00:00,1.0,0.0,0,0
Bournemouth,Manchester City,Away,L,0.2,0.4,0.4,0.6,0.4,0.0,4-4-1-1,4-2-3-1,Matchweek 9,54502.0,Mike Dean,2015-10-17 15:00:00,0.0,0.0,1,1
Manchester City,Manchester United,Away,D,0.6,0.4,0.0,0.8,0.2,0.0,4-2-3-1,4-2-3-1,Matchweek 10,75329.0,Mark Clattenburg,2015-10-25 14:05:00,0.75,0.0,1,1
Manchester City,Norwich City,Home,W,0.4,0.4,0.2,0.2,0.4,0.4,4-4-2,4-4-2,Matchweek 11,53418.0,Robert Madley,2015-10-31 15:00:00,0.5,0.5,0,0
Aston Villa,Manchester City,Home,D,0.0,1.0,0.0,0.6,0.2,0.2,4-3-3,4-2-3-1,Matchweek 12,36757.0,Craig Pawson,2015-11-08 13:30:00,0.25,0.0,1,1
Liverpool,Manchester City,Away,W,0.2,0.2,0.6,0.6,0.0,0.4,4-3-3,4-2-3-1,Matchweek 13,54444.0,Jonathan Moss,2015-11-21 17:30:00,0.5,0.0,1,1
Manchester City,Southampton,Home,W,0.4,0.2,0.4,0.4,0.2,0.4,4-2-3-1,4-1-4-1,Matchweek 14,54102.0,Roger East,2015-11-28 15:00:00,0.75,0.25,0,0
Manchester City,Stoke City,Away,L,0.4,0.2,0.4,0.8,0.0,0.2,4-2-3-1,4-2-3-1,Matchweek 15,27264.0,Martin Atkinson,2015-12-05 12:45:00,0.5,0.25,0,0
Manchester City,Swansea City,Home,W,0.4,0.4,0.2,0.2,0.6,0.2,4-2-3-1,4-2-3-1,Matchweek 16,53052.0,Robert Madley,2015-12-12 15:00:00,1.0,0.0,0,0
Arsenal,Manchester City,Home,W,0.4,0.2,0.4,0.4,0.4,0.2,4-2-3-1,4-4-1-1,Matchweek 17,60053.0,Andre Marriner,2015-12-21 20:00:00,0.25,0.5,1,1
Manchester City,Sunderland,Home,W,0.4,0.6,0.0,0.2,0.8,0.0,4-2-3-1,4-2-3-1,Matchweek 18,54523.0,Anthony Taylor,2015-12-26 15:00:00,0.5,0.25,0,0
Leicester City,Manchester City,Home,D,0.6,0.2,0.2,0.6,0.4,0.0,4-5-1,4-2-3-1,Matchweek 19,32072.0,Craig Pawson,2015-12-29 19:45:00,0.0,0.0,1,1
Manchester City,Watford,Away,W,0.4,0.4,0.2,0.4,0.4,0.2,4-2-3-1,4-2-3-1,Matchweek 20,20676.0,Martin Atkinson,2016-01-02 17:30:00,1.0,0.0,0,0
Everton,Manchester City,Away,D,0.2,0.4,0.4,0.6,0.2,0.2,4-2-3-1,4-4-2,Matchweek 21,53796.0,Roger East,2016-01-13 19:45:00,0.0,0.2,1,1
Crystal Palace,Manchester City,Away,L,0.2,0.4,0.4,0.4,0.2,0.4,4-5-1,4-4-2,Matchweek 22,53983.0,Jonathan Moss,2016-01-16 15:00:00,0.2,0.0,1,1
Manchester City,West Ham United,Away,D,0.6,0.0,0.4,0.6,0.2,0.2,4-2-3-1,4-3-3,Matchweek 23,34977.0,Craig Pawson,2016-01-23 17:30:00,0.6,0.0,0,0
Manchester City,Sunderland,Away,W,0.4,0.0,0.6,0.2,0.6,0.2,4-4-2,4-4-2,Matchweek 24,38852.0,Stuart Attwell,2016-02-02 19:45:00,0.6,0.2,0,0
Leicester City,Manchester City,Away,W,0.6,0.0,0.4,0.6,0.0,0.4,4-4-2,4-4-2,Matchweek 25,54693.0,Anthony Taylor,2016-02-06 12:45:00,0.0,0.3333333333333333,1,1
Manchester City,Tottenham Hotspur,Home,L,0.4,0.2,0.4,0.8,0.2,0.0,4-2-3-1,4-2-3-1,Matchweek 26,54551.0,Mark Clattenburg,2016-02-14 16:15:00,0.8,0.0,1,1
Liverpool,Manchester City,Home,W,0.4,0.4,0.2,0.4,0.4,0.2,4-4-1-1,4-2-3-1,Matchweek 28,43597.0,Martin Atkinson,2016-03-02 20:00:00,0.6,0.0,1,1
Aston Villa,Manchester City,Away,L,0.2,0.8,0.0,0.2,0.6,0.2,5-3-2,4-4-2,Matchweek 29,53892.0,Lee Mason,2016-03-05 15:00:00,0.2,0.2,1,1
Manchester City,Norwich City,Away,D,0.4,0.6,0.0,0.0,0.8,0.2,4-4-2,4-4-2,Matchweek 30,26323.0,Jonathan Moss,2016-03-12 12:45:00,0.6666666666666666,0.3333333333333333,0,0
Manchester City,Manchester United,Home,L,0.2,0.6,0.2,0.4,0.4,0.2,4-2-3-1,4-1-4-1,Matchweek 31,54557.0,Michael Oliver,2016-03-20 16:00:00,0.6,0.2,1,1
Bournemouth,Manchester City,Home,L,0.6,0.2,0.2,0.2,0.6,0.2,4-4-2,4-2-3-1,Matchweek 32,11192.0,Robert Madley,2016-04-02 15:00:00,0.0,0.0,1,1
Manchester City,West Bromwich Albion,Home,W,0.4,0.4,0.2,0.6,0.2,0.2,4-4-2,4-4-2,Matchweek 33,53920.0,Mike Jones,2016-04-09 17:30:00,1.0,0.0,0,0
Chelsea,Manchester City,Home,L,0.4,0.2,0.4,0.6,0.2,0.2,4-2-3-1,4-2-3-1,Matchweek 34,41212.0,Mike Dean,2016-04-16 17:30:00,0.4,0.4,1,1
Manchester City,Newcastle United,Away,D,0.6,0.2,0.2,0.2,0.6,0.2,4-2-3-1,4-2-3-1,Matchweek 27,46424.0,Kevin Friend,2016-04-19 19:45:00,1.0,0.0,0,0
Manchester City,Stoke City,Home,W,0.6,0.2,0.2,0.2,0.6,0.2,4-4-2,4-4-2,Matchweek 35,53974.0,Robert Madley,2016-04-23 12:45:00,0.4,0.2,0,0
Manchester City,Southampton,Away,L,0.8,0.0,0.2,0.6,0.2,0.2,4-4-2,4-2-3-1,Matchweek 36,31472.0,Andre Marriner,2016-05-01 16:30:00,0.8,0.2,0,0
Arsenal,Manchester City,Away,D,0.4,0.0,0.6,0.6,0.2,0.2,4-2-3-1,4-4-2,Matchweek 37,54425.0,Anthony Taylor,2016-05-08 16:00:00,0.4,0.4,1,1
Manchester City,Swansea City,Away,D,0.4,0.2,0.4,0.6,0.4,0.0,4-4-2,4-4-2,Matchweek 38,20934.0,Mike Dean,2016-05-15 15:00:00,1.0,0.0,0,0
Manchester City,Sunderland,Home,W,0.0,0.0,0.0,0.0,0.0,0.0,4-2-3-1,4-2-3-1,Matchweek 1,54362.0,Robert Madley,2016-08-13 17:30:00,0.6666666666666666,0.1666666666666666,0,0
Manchester City,Stoke City,Away,W,1.0,0.0,0.0,0.0,0.0,0.0,4-3-3,4-3-3,Matchweek 2,27455.0,Mike Dean,2016-08-20 12:30:00,0.5,0.1666666666666666,0,0
Manchester City,West Ham United,Home,W,1.0,0.0,0.0,0.5,0.5,0.0,4-3-3,3-5-2,Matchweek 3,54008.0,Andre Marriner,2016-08-28 16:00:00,0.5,0.1666666666666666,0,0
Manchester City,Manchester United,Away,W,1.0,0.0,0.0,1.0,0.0,0.0,4-3-3,4-2-3-1,Matchweek 4,75272.0,Mark Clattenburg,2016-09-10 12:30:00,0.5,0.1666666666666666,1,1
Bournemouth,Manchester City,Away,L,0.25,0.5,0.25,1.0,0.0,0.0,4-5-1,4-2-3-1,Matchweek 5,54335.0,Jonathan Moss,2016-09-17 15:00:00,0.0,0.0,1,1
Manchester City,Swansea City,Away,W,1.0,0.0,0.0,0.0,0.6666666666666666,0.3333333333333333,4-1-4-1,4-1-4-1,Matchweek 6,20786.0,Niel Swarbrick,2016-09-24 15:00:00,0.8333333333333334,0.1666666666666666,0,0
Manchester City,Tottenham Hotspur,Away,L,1.0,0.0,0.0,0.8,0.0,0.2,4-2-3-1,4-1-4-1,Matchweek 7,31793.0,Andre Marriner,2016-10-02 14:15:00,0.6666666666666666,0.0,1,1
Everton,Manchester City,Away,D,0.6,0.2,0.2,0.8,0.2,0.0,4-3-3,3-4-3,Matchweek 8,54512.0,Michael Oliver,2016-10-15 15:00:00,0.0,0.3333333333333333,1,1
Manchester City,Southampton,Home,D,0.6,0.2,0.2,0.6,0.2,0.2,3-4-3,4-3-1-2,Matchweek 9,53731.0,Mark Clattenburg,2016-10-23 13:30:00,0.6666666666666666,0.1666666666666666,0,0
Manchester City,West Bromwich Albion,Away,W,0.4,0.2,0.4,0.2,0.6,0.2,4-2-3-1,4-2-3-1,Matchweek 10,22470.0,Lee Mason,2016-10-29 15:00:00,1.0,0.0,0,0
Manchester City,Middlesbrough,Home,D,0.4,0.2,0.4,0.2,0.4,0.4,4-1-4-1,4-1-4-1,Matchweek 11,54294.0,Kevin Friend,2016-11-05 15:00:00,0.0,0.0,0,0
Crystal Palace,Manchester City,Home,L,0.0,0.8,0.2,0.2,0.2,0.6,4-2-3-1,4-2-3-1,Matchweek 12,25529.0,Robert Madley,2016-11-19 15:00:00,0.1666666666666666,0.0,1,1
Manchester City,Burnley,Away,W,0.4,0.0,0.6,0.4,0.4,0.2,4-2-3-1,4-2-3-1,Matchweek 13,21794.0,Andre Marriner,2016-11-26 12:30:00,0.0,0.5,0,0
Chelsea,Manchester City,Away,W,1.0,0.0,0.0,0.6,0.0,0.4,3-4-3,3-4-3,Matchweek 14,54457.0,Anthony Taylor,2016-12-03 12:30:00,0.3333333333333333,0.3333333333333333,1,1
Leicester City,Manchester City,Home,W,0.0,0.6,0.4,0.6,0.2,0.2,4-4-2,3-4-3,Matchweek 15,31966.0,Michael Oliver,2016-12-10 17:30:00,0.25,0.25,1,1
Manchester City,Watford,Home,W,0.4,0.4,0.2,0.6,0.2,0.2,4-2-3-1,4-2-3-1,Matchweek 16,51527.0,Kevin Friend,2016-12-14 20:00:00,1.0,0.0,0,0
Arsenal,Manchester City,Away,L,0.6,0.2,0.2,0.6,0.4,0.0,4-2-3-1,4-1-4-1,Matchweek 17,54409.0,Martin Atkinson,2016-12-18 16:00:00,0.3333333333333333,0.5,1,1
Manchester City,Hull City,Away,W,0.6,0.4,0.0,0.2,0.6,0.2,4-2-3-1,4-2-3-1,Matchweek 18,23134.0,Robert Madley,2016-12-26 17:15:00,0.75,0.25,0,0
Liverpool,Manchester City,Home,W,0.6,0.2,0.2,0.6,0.4,0.0,4-3-3,4-2-3-1,Matchweek 19,53120.0,Craig Pawson,2016-12-31 17:30:00,0.6666666666666666,0.0,1,1
Manchester City,Burnley,Home,W,0.6,0.4,0.0,0.4,0.6,0.0,4-2-3-1,4-2-3-1,Matchweek 20,54463.0,Lee Mason,2017-01-02 15:00:00,0.3333333333333333,0.3333333333333333,0,0
Everton,Manchester City,Home,W,0.6,0.2,0.2,0.8,0.2,0.0,3-5-2,4-1-2-1-2,Matchweek 21,39588.0,Mark Clattenburg,2017-01-15 13:30:00,0.0,0.4285714285714285,1,1
Manchester City,Tottenham Hotspur,Home,D,0.6,0.4,0.0,1.0,0.0,0.0,4-1-4-1,3-4-3,Matchweek 22,54402.0,Andre Marriner,2017-01-21 17:30:00,0.5714285714285714,0.0,1,1
Manchester City,West Ham United,Away,W,0.4,0.4,0.2,0.6,0.4,0.0,4-1-4-1,4-2-3-1,Matchweek 23,56980.0,Kevin Friend,2017-02-01 19:45:00,0.5714285714285714,0.1428571428571428,0,0
Manchester City,Swansea City,Home,W,0.4,0.4,0.2,0.6,0.4,0.0,4-3-3,4-3-3,Matchweek 24,54065.0,Mike Dean,2017-02-05 13:30:00,0.8571428571428571,0.1428571428571428,0,0
Bournemouth,Manchester City,Home,L,0.0,0.6,0.4,0.6,0.2,0.2,4-1-4-1,4-3-3,Matchweek 25,11129.0,Niel Swarbrick,2017-02-13 20:00:00,0.0,0.0,1,1
Manchester City,Sunderland,Away,W,0.6,0.2,0.2,0.2,0.4,0.4,4-3-3,4-3-3,Matchweek 27,41107.0,Martin Atkinson,2017-03-05 16:00:00,0.7142857142857143,0.1428571428571428,0,0
Manchester City,Stoke City,Home,D,0.8,0.0,0.2,0.2,0.4,0.4,4-1-4-1,4-1-4-1,Matchweek 28,52625.0,Niel Swarbrick,2017-03-08 20:00:00,0.5714285714285714,0.1428571428571428,0,0
Liverpool,Manchester City,Away,D,0.6,0.4,0.0,0.8,0.0,0.2,4-3-3,4-1-4-1,Matchweek 29,54449.0,Michael Oliver,2017-03-19 16:30:00,0.7142857142857143,0.0,1,1
Arsenal,Manchester City,Home,D,0.2,0.8,0.0,0.6,0.0,0.4,4-2-3-1,4-2-3-1,Matchweek 30,60001.0,Andre Marriner,2017-04-02 16:00:00,0.2857142857142857,0.4285714285714285,1,1
Chelsea,Manchester City,Home,W,0.6,0.2,0.2,0.4,0.0,0.6,3-4-3,4-2-3-1,Matchweek 31,41528.0,Mike Dean,2017-04-05 20:00:00,0.4285714285714285,0.2857142857142857,1,1
Manchester City,Hull City,Home,W,0.2,0.2,0.6,0.4,0.6,0.0,4-2-3-1,4-2-3-1,Matchweek 32,54393.0,Jonathan Moss,2017-04-08 15:00:00,0.8,0.2,0,0
Manchester City,Southampton,Away,W,0.2,0.2,0.6,0.6,0.2,0.2,4-2-3-1,4-2-3-1,Matchweek 33,31850.0,Niel Swarbrick,2017-04-15 17:30:00,0.5714285714285714,0.2857142857142857,0,0
Manchester City,Manchester United,Home,D,0.4,0.2,0.4,0.6,0.0,0.4,4-2-3-1,4-3-3,Matchweek 26,54176.0,Martin Atkinson,2017-04-27 20:00:00,0.5714285714285714,0.1428571428571428,1,1
Manchester City,Middlesbrough,Away,D,0.4,0.2,0.4,0.0,0.8,0.2,3-4-1-2,3-4-1-2,Matchweek 35,29763.0,Kevin Friend,2017-04-30 14:05:00,0.0,1.0,0,0
Crystal Palace,Manchester City,Away,L,0.4,0.4,0.2,0.4,0.2,0.4,4-3-3,4-1-4-1,Matchweek 36,54119.0,Michael Oliver,2017-05-06 12:30:00,0.1428571428571428,0.0,1,1
Leicester City,Manchester City,Away,L,0.4,0.4,0.2,0.6,0.0,0.4,4-4-2,4-1-4-1,Matchweek 37,54407.0,Robert Madley,2017-05-13 12:30:00,0.4,0.2,1,1
Manchester City,West Bromwich Albion,Home,W,0.6,0.0,0.4,0.0,0.8,0.2,4-1-4-1,4-1-4-1,Matchweek 34,53624.0,Craig Pawson,2017-05-16 20:00:00,1.0,0.0,0,0
Manchester City,Watford,Away,W,0.6,0.0,0.4,0.0,1.0,0.0,4-2-3-1,4-2-3-1,Matchweek 38,20829.0,Jonathan Moss,2017-05-21 15:00:00,1.0,0.0,0,0
Brighton and Hove Albion,Manchester City,Home,L,0.0,0.0,0.0,0.0,0.0,0.0,4-4-2,3-1-4-2,Matchweek 1,30415.0,Michael Oliver,2017-08-12 17:30:00,0.0,0.0,1,1
Everton,Manchester City,Away,D,1.0,0.0,0.0,1.0,0.0,0.0,3-5-2,3-1-4-2,Matchweek 2,49108.0,Robert Madley,2017-08-21 20:00:00,0.125,0.375,1,1
Bournemouth,Manchester City,Home,L,0.0,1.0,0.0,0.5,0.0,0.5,5-3-2,4-3-3,Matchweek 3,10419.0,Mike Dean,2017-08-26 12:30:00,0.0,0.0,1,1
Liverpool,Manchester City,Away,L,0.6666666666666666,0.0,0.3333333333333333,0.6666666666666666,0.0,0.3333333333333333,4-3-3,3-1-4-2,Matchweek 4,54172.0,Jonathan Moss,2017-09-09 12:30:00,0.625,0.125,1,1
Manchester City,Watford,Away,W,0.75,0.0,0.25,0.5,0.0,0.5,4-3-3,4-3-3,Matchweek 5,20305.0,Anthony Taylor,2017-09-16 15:00:00,1.0,0.0,0,0
Crystal Palace,Manchester City,Away,L,0.0,1.0,0.0,0.8,0.0,0.2,4-2-3-1,4-3-3,Matchweek 6,53526.0,Niel Swarbrick,2017-09-23 15:00:00,0.125,0.0,1,1
Chelsea,Manchester City,Home,L,0.8,0.0,0.2,0.8,0.0,0.2,3-5-1-1,4-3-3,Matchweek 7,41530.0,Martin Atkinson,2017-09-30 17:30:00,0.5,0.25,1,1
Manchester City,Stoke City,Home,W,1.0,0.0,0.0,0.4,0.4,0.2,4-3-3,4-3-3,Matchweek 8,54128.0,Craig Pawson,2017-10-14 15:00:00,0.5,0.25,0,0
Manchester City,Burnley,Home,W,1.0,0.0,0.0,0.4,0.0,0.6,4-3-3,4-3-3,Matchweek 9,54118.0,Roger East,2017-10-21 15:00:00,0.5,0.25,0,0
Manchester City,West Bromwich Albion,Away,W,1.0,0.0,0.0,0.0,0.6,0.4,4-3-3,4-3-3,Matchweek 10,24003.0,Mike Jones,2017-10-28 15:00:00,1.0,0.0,0,0
Arsenal,Manchester City,Away,L,0.8,0.2,0.0,1.0,0.0,0.0,3-4-3,4-3-3,Matchweek 11,54286.0,Michael Oliver,2017-11-05 14:15:00,0.25,0.5,1,1
Leicester City,Manchester City,Home,L,0.4,0.0,0.6,1.0,0.0,0.0,4-4-1-1,4-3-3,Matchweek 12,31908.0,Graham Scott,2017-11-18 15:00:00,0.3333333333333333,0.1666666666666666,1,1
Manchester City,Huddersfield,Away,W,1.0,0.0,0.0,0.2,0.6,0.2,4-3-3,4-3-3,Matchweek 13,24121.0,Craig Pawson,2017-11-26 16:00:00,0.0,0.0,0,0
Manchester City,Southampton,Home,W,1.0,0.0,0.0,0.4,0.4,0.2,4-3-3,5-4-1,Matchweek 14,53407.0,Paul Tierney,2017-11-29 20:00:00,0.625,0.25,0,0
Manchester City,West Ham United,Home,W,1.0,0.0,0.0,0.0,0.6,0.4,4-3-3,3-5-1-1,Matchweek 15,54203.0,Mike Dean,2017-12-03 16:00:00,0.625,0.125,0,0
Manchester City,Manchester United,Away,W,1.0,0.0,0.0,0.8,0.2,0.0,4-3-3,4-2-3-1,Matchweek 16,74847.0,Michael Oliver,2017-12-10 16:30:00,0.5,0.25,1,1
Manchester City,Swansea City,Away,W,1.0,0.0,0.0,0.0,0.8,0.2,4-3-3,4-3-3,Matchweek 17,20870.0,Anthony Taylor,2017-12-13 19:45:00,0.875,0.125,0,0
Manchester City,Tottenham Hotspur,Home,W,1.0,0.0,0.0,0.4,0.2,0.4,4-3-3,4-1-2-1-2,Matchweek 18,54214.0,Craig Pawson,2017-12-16 17:30:00,0.5,0.125,1,1
Bournemouth,Manchester City,Away,L,0.0,0.6,0.4,1.0,0.0,0.0,3-4-3,4-3-3,Matchweek 19,54270.0,Mike Jones,2017-12-23 15:00:00,0.0,0.0,1,1
Manchester City,Newcastle United,Away,W,1.0,0.0,0.0,0.2,0.8,0.0,4-3-3,5-4-1,Matchweek 20,52311.0,Andre Marriner,2017-12-27 19:45:00,0.8333333333333334,0.1666666666666666,0,0
Crystal Palace,Manchester City,Home,D,0.4,0.2,0.4,1.0,0.0,0.0,4-3-3,4-3-3,Matchweek 21,25804.0,Jonathan Moss,2017-12-31 12:00:00,0.1111111111111111,0.0,1,1
Manchester City,Watford,Home,W,0.8,0.0,0.2,0.2,0.6,0.2,4-3-3,4-3-3,Matchweek 22,53556.0,Lee Mason,2018-01-02 20:00:00,1.0,0.0,0,0
Liverpool,Manchester City,Home,W,0.8,0.0,0.2,0.8,0.0,0.2,4-3-3,4-3-3,Matchweek 23,53285.0,Andre Marriner,2018-01-14 16:00:00,0.5555555555555556,0.1111111111111111,1,1
Manchester City,Newcastle United,Home,W,0.6,0.2,0.2,0.4,0.2,0.4,4-3-3,5-4-1,Matchweek 24,54452.0,Paul Tierney,2018-01-20 17:30:00,0.8571428571428571,0.1428571428571428,0,0
Manchester City,West Bromwich Albion,Home,W,0.6,0.2,0.2,0.2,0.2,0.6,4-3-3,4-3-3,Matchweek 25,53241.0,Robert Madley,2018-01-31 20:00:00,1.0,0.0,0,0
Manchester City,Burnley,Away,D,0.6,0.2,0.2,0.0,0.6,0.4,4-3-3,4-3-3,Matchweek 26,21658.0,Martin Atkinson,2018-02-03 12:30:00,0.6,0.2,0,0
Leicester City,Manchester City,Away,L,0.4,0.2,0.4,0.6,0.2,0.2,3-5-2,4-3-3,Matchweek 27,54416.0,Mike Jones,2018-02-10 17:30:00,0.2857142857142857,0.1428571428571428,1,1
Arsenal,Manchester City,Home,L,0.4,0.6,0.0,0.6,0.2,0.2,4-2-3-1,4-3-3,Matchweek 28,58420.0,Andre Marriner,2018-03-01 19:45:00,0.2222222222222222,0.4444444444444444,1,1
Chelsea,Manchester City,Away,L,0.4,0.6,0.0,0.8,0.0,0.2,3-4-3,4-3-3,Matchweek 29,54328.0,Michael Oliver,2018-03-04 16:00:00,0.4444444444444444,0.2222222222222222,1,1
Manchester City,Stoke City,Away,W,0.8,0.0,0.2,0.0,0.4,0.6,4-3-3,4-3-3,Matchweek 30,29138.0,Jonathan Moss,2018-03-12 20:00:00,0.5555555555555556,0.2222222222222222,0,0
Everton,Manchester City,Home,L,0.6,0.4,0.0,0.8,0.0,0.2,4-2-3-1,3-5-2,Matchweek 32,39221.0,Paul Tierney,2018-03-31 17:30:00,0.1111111111111111,0.4444444444444444,1,1
Manchester City,Manchester United,Home,L,1.0,0.0,0.0,0.8,0.2,0.0,4-3-3,4-3-3,Matchweek 33,54259.0,Martin Atkinson,2018-04-07 17:30:00,0.5555555555555556,0.2222222222222222,1,1
Manchester City,Tottenham Hotspur,Away,W,0.8,0.2,0.0,1.0,0.0,0.0,4-3-3,4-2-3-1,Matchweek 34,80811.0,Jonathan Moss,2018-04-14 19:45:00,0.5555555555555556,0.1111111111111111,1,1
Manchester City,Swansea City,Home,W,0.8,0.2,0.0,0.2,0.4,0.4,4-3-3,4-3-3,Matchweek 35,54387.0,Craig Pawson,2018-04-22 16:30:00,0.8888888888888888,0.1111111111111111,0,0
Manchester City,West Ham United,Away,W,0.8,0.2,0.0,0.2,0.4,0.4,4-3-3,3-5-1-1,Matchweek 36,56904.0,Niel Swarbrick,2018-04-29 14:15:00,0.6666666666666666,0.1111111111111111,0,0
Manchester City,Huddersfield,Home,D,0.8,0.2,0.0,0.0,0.8,0.2,4-3-3,4-3-3,Matchweek 37,54350.0,Mike Dean,2018-05-06 13:30:00,1.0,0.0,0,0
Brighton and Hove Albion,Manchester City,Away,L,0.2,0.2,0.6,0.6,0.2,0.2,4-5-1,4-3-3,Matchweek 31,54013.0,Paul Tierney,2018-05-09 20:00:00,0.0,0.0,1,1
Manchester City,Southampton,Away,W,0.8,0.0,0.2,0.4,0.2,0.4,4-3-3,5-4-1,Matchweek 38,31882.0,Andre Marriner,2018-05-13 15:00:00,0.6666666666666666,0.2222222222222222,0,0
Arsenal,Manchester City,Home,L,0.0,0.0,0.0,0.0,0.0,0.0,4-2-3-1,4-2-3-1,Matchweek 1,59934.0,Michael Oliver,2018-08-12 16:00:00,0.2,0.4,1,1
Manchester City,Huddersfield,Home,W,1.0,0.0,0.0,0.0,1.0,0.0,3-1-4-2,3-1-4-2,Matchweek 2,54021.0,Andre Marriner,2018-08-19 13:30:00,0.5,0.5,0,0
Manchester City,Wolverhampton Wanderers,Away,D,1.0,0.0,0.0,0.0,0.5,0.5,4-3-3,3-4-3,Matchweek 3,31322.0,Martin Atkinson,2018-08-25 12:30:00,0.0,0.0,0,0
Manchester City,Newcastle United,Home,W,0.6666666666666666,0.0,0.3333333333333333,0.0,0.6666666666666666,0.3333333333333333,4-1-3-2,5-4-1,Matchweek 4,53946.0,Kevin Friend,2018-09-01 17:30:00,0.875,0.125,0,0
Fulham,Manchester City,Away,L,0.25,0.5,0.25,0.75,0.0,0.25,4-3-3,4-3-3,Matchweek 5,53307.0,Stuart Attwell,2018-09-15 15:00:00,0.0,0.0,1,1
Manchester City,Cardiff City,Away,W,0.8,0.0,0.2,0.0,0.75,0.25,4-3-3,4-3-3,Matchweek 6,32321.0,Michael Oliver,2018-09-22 15:00:00,0.5,0.0,0,0
Brighton and Hove Albion,Manchester City,Away,L,0.2,0.4,0.4,0.8,0.0,0.2,4-1-4-1,4-3-3,Matchweek 7,54152.0,Lee Mason,2018-09-29 15:00:00,0.0,0.0,1,1
Liverpool,Manchester City,Home,D,0.8,0.0,0.2,0.8,0.0,0.2,4-3-3,4-2-3-1,Matchweek 8,52117.0,Martin Atkinson,2018-10-07 16:30:00,0.6,0.1,1,1
Manchester City,Burnley,Home,W,0.8,0.0,0.2,0.2,0.6,0.2,4-3-3,4-3-3,Matchweek 9,54094.0,Jonathan Moss,2018-10-20 15:00:00,0.5,0.3333333333333333,0,0
Manchester City,Tottenham Hotspur,Away,W,0.8,0.0,0.2,0.8,0.2,0.0,4-3-3,4-2-3-1,Matchweek 10,56854.0,Kevin Friend,2018-10-29 20:00:00,0.6,0.1,1,1
Manchester City,Southampton,Home,W,0.8,0.0,0.2,0.0,0.6,0.4,4-3-3,4-3-2-1,Matchweek 11,53916.0,Lee Mason,2018-11-04 15:00:00,0.7,0.2,0,0
Manchester City,Manchester United,Home,W,0.8,0.0,0.2,0.6,0.2,0.2,4-3-3,4-3-3,Matchweek 12,54316.0,Anthony Taylor,2018-11-11 16:30:00,0.5,0.2,1,1
Manchester City,West Ham United,Away,W,0.8,0.0,0.2,0.2,0.4,0.4,4-3-3,4-2-3-1,Matchweek 13,56886.0,Andre Marriner,2018-11-24 15:00:00,0.7,0.1,0,0
Bournemouth,Manchester City,Away,L,0.2,0.6,0.2,1.0,0.0,0.0,5-4-1,4-3-3,Matchweek 14,54409.0,Stuart Attwell,2018-12-01 15:00:00,0.0,0.0,1,1
Manchester City,Watford,Away,W,1.0,0.0,0.0,0.2,0.6,0.2,4-3-3,4-3-3,Matchweek 15,20389.0,Paul Tierney,2018-12-04 20:00:00,1.0,0.0,0,0
Chelsea,Manchester City,Home,W,0.4,0.4,0.2,1.0,0.0,0.0,4-3-3,4-3-3,Matchweek 16,40571.0,Michael Oliver,2018-12-08 17:30:00,0.4,0.2,1,1
Everton,Manchester City,Away,L,0.2,0.2,0.6,0.8,0.2,0.0,5-4-1,4-3-3,Matchweek 17,54173.0,Craig Pawson,2018-12-15 12:30:00,0.1,0.4,1,1
Crystal Palace,Manchester City,Away,W,0.4,0.4,0.2,0.8,0.2,0.0,4-5-1,4-3-3,Matchweek 18,54340.0,Andre Marriner,2018-12-22 15:00:00,0.1,0.1,1,1
Leicester City,Manchester City,Home,W,0.4,0.4,0.2,0.6,0.4,0.0,4-3-3,4-3-3,Matchweek 19,32090.0,Mike Dean,2018-12-26 15:00:00,0.25,0.125,1,1
Manchester City,Southampton,Away,W,0.4,0.6,0.0,0.4,0.6,0.0,4-3-3,4-3-2-1,Matchweek 20,31381.0,Paul Tierney,2018-12-30 14:15:00,0.7272727272727273,0.1818181818181818,0,0
Liverpool,Manchester City,Away,L,1.0,0.0,0.0,0.4,0.6,0.0,4-3-3,4-3-3,Matchweek 21,54511.0,Anthony Taylor,2019-01-03 20:00:00,0.5454545454545454,0.1818181818181818,1,1
Manchester City,Wolverhampton Wanderers,Home,W,0.6,0.4,0.0,0.4,0.4,0.2,4-3-3,3-5-2,Matchweek 22,54171.0,Craig Pawson,2019-01-14 20:00:00,0.0,1.0,0,0
Manchester City,Huddersfield,Away,W,0.6,0.4,0.0,0.0,1.0,0.0,4-3-3,4-3-3,Matchweek 23,24190.0,Andre Marriner,2019-01-20 13:30:00,0.6666666666666666,0.3333333333333333,0,0
Manchester City,Newcastle United,Away,L,0.8,0.2,0.0,0.2,0.6,0.2,4-3-3,5-4-1,Matchweek 24,50861.0,Paul Tierney,2019-01-29 20:00:00,0.8888888888888888,0.1111111111111111,0,0
Arsenal,Manchester City,Away,L,0.6,0.4,0.0,0.8,0.2,0.0,4-4-2,4-3-3,Matchweek 25,54483.0,Martin Atkinson,2019-02-03 16:30:00,0.1818181818181818,0.3636363636363636,1,1
Everton,Manchester City,Home,L,0.4,0.6,0.0,0.8,0.2,0.0,4-2-3-1,4-3-3,Matchweek 27,39322.0,Craig Pawson,2019-02-06 19:45:00,0.0909090909090909,0.3636363636363636,1,1
Chelsea,Manchester City,Away,L,0.4,0.4,0.2,0.8,0.2,0.0,4-3-3,4-3-3,Matchweek 26,54452.0,Mike Dean,2019-02-10 16:00:00,0.4545454545454545,0.1818181818181818,1,1
Manchester City,West Ham United,Home,W,0.8,0.2,0.0,0.2,0.4,0.4,4-3-3,4-2-3-1,Matchweek 28,53528.0,Stuart Attwell,2019-02-27 20:00:00,0.7272727272727273,0.0909090909090909,0,0
Bournemouth,Manchester City,Home,L,0.2,0.6,0.2,0.8,0.2,0.0,5-4-1,4-3-3,Matchweek 29,10699.0,Kevin Friend,2019-03-02 15:00:00,0.0,0.0,1,1
Manchester City,Watford,Home,W,1.0,0.0,0.0,0.4,0.4,0.2,4-3-3,4-3-3,Matchweek 30,54104.0,Paul Tierney,2019-03-09 17:30:00,1.0,0.0,0,0
Fulham,Manchester City,Home,L,0.0,1.0,0.0,1.0,0.0,0.0,5-4-1,4-3-3,Matchweek 32,25001.0,Kevin Friend,2019-03-30 12:30:00,0.0,0.0,1,1
Manchester City,Cardiff City,Home,W,1.0,0.0,0.0,0.4,0.6,0.0,4-3-3,4-3-3,Matchweek 33,53559.0,Jonathan Moss,2019-04-03 19:45:00,0.6666666666666666,0.0,0,0
Crystal Palace,Manchester City,Home,L,0.6,0.4,0.0,1.0,0.0,0.0,4-5-1,4-2-3-1,Matchweek 34,25721.0,Martin Atkinson,2019-04-14 14:05:00,0.1818181818181818,0.0909090909090909,1,1
Manchester City,Tottenham Hotspur,Home,W,1.0,0.0,0.0,0.4,0.4,0.2,4-3-3,5-3-2,Matchweek 35,54489.0,Michael Oliver,2019-04-20 12:30:00,0.6363636363636364,0.0909090909090909,1,1
Manchester City,Manchester United,Away,W,1.0,0.0,0.0,0.4,0.6,0.0,4-3-3,5-3-2,Matchweek 31,74431.0,Andre Marriner,2019-04-24 20:00:00,0.5454545454545454,0.1818181818181818,1,1
Manchester City,Burnley,Away,W,1.0,0.0,0.0,0.4,0.4,0.2,4-3-3,4-3-3,Matchweek 36,21605.0,Paul Tierney,2019-04-28 14:05:00,0.5714285714285714,0.2857142857142857,0,0
Leicester City,Manchester City,Away,L,0.6,0.2,0.2,1.0,0.0,0.0,4-5-1,4-3-3,Matchweek 37,54506.0,Mike Dean,2019-05-06 20:00:00,0.3333333333333333,0.1111111111111111,1,1
Brighton and Hove Albion,Manchester City,Home,L,0.0,0.4,0.6,1.0,0.0,0.0,4-5-1,4-4-1-1,Matchweek 38,30662.0,Michael Oliver,2019-05-12 15:00:00,0.0,0.0,1,1
Manchester City,West Ham United,Away,W,0.0,0.0,0.0,0.0,0.0,0.0,4-3-3,4-2-3-1,Matchweek 1,59870.0,Mike Dean,2019-08-10 12:30:00,0.75,0.0833333333333333,0,0
Manchester City,Tottenham Hotspur,Home,D,1.0,0.0,0.0,1.0,0.0,0.0,4-2-3-1,4-2-3-1,Matchweek 2,54503.0,Michael Oliver,2019-08-17 17:30:00,0.6666666666666666,0.0833333333333333,1,1
Bournemouth,Manchester City,Home,L,0.5,0.0,0.5,0.5,0.0,0.5,5-4-1,4-3-3,Matchweek 3,10486.0,Andre Marriner,2019-08-25 14:00:00,0.0,0.0,1,1
Brighton and Hove Albion,Manchester City,Away,L,0.3333333333333333,0.3333333333333333,0.3333333333333333,0.6666666666666666,0.0,0.3333333333333333,3-4-3,4-3-3,Matchweek 4,54386.0,Jonathan Moss,2019-08-31 15:00:00,0.0,0.0,1,1
Manchester City,Norwich City,Away,L,0.75,0.0,0.25,0.25,0.75,0.0,4-2-3-1,4-2-3-1,Matchweek 5,27035.0,Kevin Friend,2019-09-14 17:30:00,0.5,0.5,0,0
Manchester City,Watford,Home,W,0.6,0.2,0.2,0.0,0.6,0.4,4-3-3,4-3-3,Matchweek 6,54273.0,Mike Dean,2019-09-21 15:00:00,1.0,0.0,0,0
Everton,Manchester City,Home,L,0.4,0.6,0.0,0.6,0.2,0.2,4-2-3-1,4-3-3,Matchweek 7,39222.0,Michael Oliver,2019-09-28 17:30:00,0.0833333333333333,0.3333333333333333,1,1
Manchester City,Wolverhampton Wanderers,Home,L,0.8,0.2,0.0,0.2,0.4,0.4,4-2-3-1,3-5-2,Matchweek 8,54435.0,Craig Pawson,2019-10-06 14:00:00,0.5,0.5,0,0
Crystal Palace,Manchester City,Home,L,0.6,0.2,0.2,0.6,0.4,0.0,4-5-1,4-3-3,Matchweek 9,25480.0,Anthony Taylor,2019-10-19 17:30:00,0.1666666666666666,0.0833333333333333,1,1
Aston Villa,Manchester City,Away,L,0.4,0.2,0.4,0.6,0.4,0.0,4-1-4-1,4-3-3,Matchweek 10,54506.0,Graham Scott,2019-10-26 12:30:00,0.1666666666666666,0.1666666666666666,1,1
Manchester City,Southampton,Home,W,0.8,0.2,0.0,0.0,0.8,0.2,4-3-3,5-3-2,Matchweek 11,53922.0,Lee Mason,2019-11-02 15:00:00,0.75,0.1666666666666666,0,0
Liverpool,Manchester City,Home,W,0.8,0.0,0.2,0.8,0.2,0.0,4-3-3,4-2-3-1,Matchweek 12,53324.0,Michael Oliver,2019-11-10 16:30:00,0.5,0.1666666666666666,1,1
Chelsea,Manchester City,Away,L,1.0,0.0,0.0,0.6,0.4,0.0,4-3-3,4-3-3,Matchweek 13,54486.0,Martin Atkinson,2019-11-23 17:30:00,0.4166666666666667,0.1666666666666666,1,1
Manchester City,Newcastle United,Away,D,0.8,0.2,0.0,0.4,0.4,0.2,4-3-3,5-4-1,Matchweek 14,49937.0,Chris Kavanagh,2019-11-30 12:30:00,0.8,0.1,0,0
Manchester City,Burnley,Away,W,0.6,0.2,0.2,0.4,0.6,0.0,4-3-3,4-3-3,Matchweek 15,20101.0,Jonathan Moss,2019-12-03 20:15:00,0.625,0.25,0,0
Manchester City,Manchester United,Home,L,0.6,0.2,0.2,0.4,0.2,0.4,4-3-3,4-2-3-1,Matchweek 16,54403.0,Anthony Taylor,2019-12-07 17:30:00,0.5833333333333334,0.1666666666666666,1,1
Arsenal,Manchester City,Home,L,0.2,0.4,0.4,0.4,0.4,0.2,4-2-3-1,4-2-3-1,Matchweek 17,60031.0,Paul Tierney,2019-12-15 16:30:00,0.1666666666666666,0.3333333333333333,1,1
Leicester City,Manchester City,Away,L,0.8,0.0,0.2,0.6,0.2,0.2,4-1-4-1,4-2-3-1,Matchweek 18,54415.0,Mike Dean,2019-12-21 17:30:00,0.3,0.1,1,1
Manchester City,Wolverhampton Wanderers,Away,L,0.6,0.2,0.2,0.4,0.2,0.4,4-2-3-1,3-4-3,Matchweek 19,31737.0,Martin Atkinson,2019-12-27 19:45:00,0.3333333333333333,0.3333333333333333,0,0
Manchester City,Sheffield United,Home,W,0.6,0.4,0.0,0.4,0.2,0.4,4-3-3,4-3-3,Matchweek 20,54512.0,Chris Kavanagh,2019-12-29 18:00:00,0.0,0.0,0,0
Everton,Manchester City,Away,L,0.6,0.0,0.4,0.6,0.4,0.0,3-5-2,3-4-3,Matchweek 21,54407.0,Andre Marriner,2020-01-01 17:30:00,0.0769230769230769,0.3076923076923077,1,1
Aston Villa,Manchester City,Home,L,0.4,0.6,0.0,0.8,0.2,0.0,5-3-2,4-3-3,Matchweek 22,41823.0,Jonathan Moss,2020-01-12 16:30:00,0.1428571428571428,0.1428571428571428,1,1
Crystal Palace,Manchester City,Away,D,0.2,0.2,0.6,0.8,0.2,0.0,4-5-1,4-3-3,Matchweek 23,54439.0,Graham Scott,2020-01-18 15:00:00,0.1538461538461538,0.0769230769230769,1,1
Manchester City,Sheffield United,Away,W,0.6,0.2,0.2,0.4,0.4,0.2,3-4-3,3-4-3,Matchweek 24,31285.0,Lee Mason,2020-01-21 19:30:00,1.0,0.0,0,0
Manchester City,Tottenham Hotspur,Away,L,0.8,0.0,0.2,0.2,0.4,0.4,4-3-3,4-2-3-1,Matchweek 25,61022.0,Mike Dean,2020-02-02 16:30:00,0.6153846153846154,0.1538461538461538,1,1
Manchester City,West Ham United,Home,W,0.6,0.2,0.2,0.0,0.6,0.4,4-3-3,5-3-2,Matchweek 26,52159.0,Kevin Friend,2020-02-19 19:30:00,0.7692307692307693,0.0769230769230769,0,0
Leicester City,Manchester City,Home,L,0.2,0.4,0.4,0.6,0.2,0.2,3-5-2,4-3-3,Matchweek 27,32068.0,Paul Tierney,2020-02-22 17:30:00,0.2727272727272727,0.0909090909090909,1,1
Manchester City,Manchester United,Away,L,0.6,0.2,0.2,0.4,0.2,0.4,4-3-3,3-4-1-2,Matchweek 29,73288.0,Mike Dean,2020-03-08 16:30:00,0.5384615384615384,0.1538461538461538,1,1
Arsenal,Manchester City,Away,L,0.6,0.0,0.4,0.6,0.4,0.0,4-3-2-1,4-3-3,Matchweek 28,56160.05882352941,Anthony Taylor,2020-06-17 20:15:00,0.1538461538461538,0.3076923076923077,1,1
Manchester City,Burnley,Home,W,0.6,0.4,0.0,0.4,0.0,0.6,4-3-3,4-3-3,Matchweek 30,35328.818181818184,Andre Marriner,2020-06-22 20:00:00,0.6666666666666666,0.2222222222222222,0,0
Chelsea,Manchester City,Home,W,0.6,0.2,0.2,0.8,0.2,0.0,4-3-3,4-3-3,Matchweek 31,47048.17647058824,Stuart Attwell,2020-06-25 20:15:00,0.3846153846153846,0.1538461538461538,1,1
Liverpool,Manchester City,Away,L,0.6,0.2,0.2,0.6,0.4,0.0,4-3-3,4-2-3-1,Matchweek 32,51029.05882352941,Anthony Taylor,2020-07-02 20:15:00,0.5384615384615384,0.1538461538461538,1,1
Manchester City,Southampton,Away,L,0.6,0.4,0.0,0.4,0.6,0.0,4-3-3,4-4-2,Matchweek 33,42290.76470588235,Andre Marriner,2020-07-05 19:00:00,0.7692307692307693,0.1538461538461538,0,0
Manchester City,Newcastle United,Home,W,0.6,0.4,0.0,0.6,0.0,0.4,4-3-3,4-4-1-1,Matchweek 34,51040.26666666667,Andy Madley,2020-07-08 18:00:00,0.7272727272727273,0.1818181818181818,0,0
Brighton and Hove Albion,Manchester City,Home,L,0.4,0.4,0.2,0.6,0.4,0.0,4-4-1-1,4-3-3,Matchweek 35,39962.5,Graham Scott,2020-07-11 20:00:00,0.0,0.0,1,1
Bournemouth,Manchester City,Away,L,0.2,0.6,0.2,0.6,0.4,0.0,4-1-4-1,4-2-3-1,Matchweek 36,30488.636363636364,Lee Mason,2020-07-15 18:00:00,0.0,0.0,1,1
Manchester City,Watford,Away,W,0.8,0.2,0.0,0.2,0.6,0.2,4-3-3,4-3-3,Matchweek 37,38414.81818181818,Michael Oliver,2020-07-21 18:00:00,1.0,0.0,0,0
Manchester City,Norwich City,Home,W,0.8,0.2,0.0,0.0,1.0,0.0,4-3-3,4-3-3,Matchweek 38,37017.28571428572,Craig Pawson,2020-07-26 16:00:00,0.4,0.4,0,0
Manchester City,Wolverhampton Wanderers,Away,W,0.0,0.0,0.0,1.0,0.0,0.0,4-2-3-1,5-3-2,Matchweek 2,42642.25,Andre Marriner,2020-09-21 20:15:00,0.25,0.25,0,0
Leicester City,Manchester City,Away,W,1.0,0.0,0.0,1.0,0.0,0.0,5-4-1,4-2-3-1,Matchweek 3,42503.0625,Michael Oliver,2020-09-27 16:30:00,0.25,0.0833333333333333,1,1
Leeds United,Manchester City,Home,D,0.6666666666666666,0.3333333333333333,0.0,0.5,0.5,0.0,4-1-4-1,4-3-3,Matchweek 4,44616.75,Mike Dean,2020-10-03 17:30:00,0.0,0.0,1,1
Arsenal,Manchester City,Away,L,0.75,0.25,0.0,0.3333333333333333,0.3333333333333333,0.3333333333333333,4-3-3,3-1-4-2,Matchweek 5,56160.05882352941,Chris Kavanagh,2020-10-17 17:30:00,0.1428571428571428,0.2857142857142857,1,1
Manchester City,West Ham United,Away,D,0.5,0.25,0.25,0.4,0.4,0.2,4-3-3,5-4-1,Matchweek 6,51325.0,Anthony Taylor,2020-10-24 12:30:00,0.7857142857142857,0.0714285714285714,0,0
Manchester City,Sheffield United,Away,W,0.4,0.2,0.4,0.0,0.8,0.2,4-3-3,4-3-3,Matchweek 7,42898.5,Michael Oliver,2020-10-31 12:30:00,1.0,0.0,0,0
Liverpool,Manchester City,Away,D,0.6,0.2,0.2,0.4,0.2,0.4,4-2-3-1,4-2-3-1,Matchweek 8,51029.05882352941,Craig Pawson,2020-11-08 16:30:00,0.5,0.1428571428571428,1,1
Manchester City,Tottenham Hotspur,Away,L,0.4,0.0,0.6,0.8,0.0,0.2,4-3-3,4-2-3-1,Matchweek 9,51635.333333333336,Mike Dean,2020-11-21 17:30:00,0.5714285714285714,0.1428571428571428,1,1
Manchester City,Burnley,Home,W,0.4,0.2,0.4,0.2,0.6,0.2,4-2-3-1,4-2-3-1,Matchweek 10,35328.818181818184,Lee Mason,2020-11-28 15:00:00,0.7,0.2,0,0
Fulham,Manchester City,Away,L,0.4,0.6,0.0,0.4,0.2,0.4,3-4-1-2,4-2-3-1,Matchweek 11,37995.333333333336,Jonathan Moss,2020-12-05 15:00:00,0.0,0.0,1,1
Manchester City,Manchester United,Away,D,0.6,0.2,0.2,0.8,0.2,0.0,4-2-3-1,4-2-3-1,Matchweek 12,63510.0,Chris Kavanagh,2020-12-12 17:30:00,0.5,0.1428571428571428,1,1
Manchester City,West Bromwich Albion,Home,D,0.4,0.2,0.4,0.0,1.0,0.0,4-2-3-1,4-2-3-1,Matchweek 13,37238.7,Peter Bankes,2020-12-15 20:00:00,1.0,0.0,0,0
Manchester City,Southampton,Away,W,0.4,0.2,0.4,0.4,0.2,0.4,4-2-3-1,4-4-2,Matchweek 14,42290.76470588235,Mike Dean,2020-12-19 15:00:00,0.7142857142857143,0.1428571428571428,0,0
Manchester City,Newcastle United,Home,W,0.6,0.0,0.4,0.4,0.4,0.2,3-4-3,5-4-1,Matchweek 15,51040.26666666667,Andre Marriner,2020-12-26 20:00:00,0.75,0.1666666666666666,0,0
Chelsea,Manchester City,Home,L,0.2,0.6,0.2,0.6,0.0,0.4,4-3-3,4-3-3,Matchweek 17,47048.17647058824,Anthony Taylor,2021-01-03 16:30:00,0.4285714285714285,0.1428571428571428,1,1
Brighton and Hove Albion,Manchester City,Away,L,0.0,0.2,0.8,0.6,0.0,0.4,4-1-2-1-2,4-3-3,Matchweek 18,39962.5,Darren England,2021-01-13 18:00:00,0.0,0.0,1,1
Crystal Palace,Manchester City,Away,L,0.2,0.4,0.4,0.8,0.0,0.2,4-1-4-1,4-3-3,Matchweek 19,38737.944444444445,Lee Mason,2021-01-17 19:15:00,0.1428571428571428,0.1428571428571428,1,1
Aston Villa,Manchester City,Away,L,0.4,0.2,0.4,1.0,0.0,0.0,4-2-3-1,4-3-3,Matchweek 1,44673.41666666666,Jonathan Moss,2021-01-20 18:00:00,0.125,0.125,1,1
Manchester City,West Bromwich Albion,Away,W,1.0,0.0,0.0,0.2,0.6,0.2,4-3-3,4-3-3,Matchweek 20,37238.7,Chris Kavanagh,2021-01-26 20:15:00,0.9090909090909092,0.0909090909090909,0,0
Manchester City,Sheffield United,Home,W,1.0,0.0,0.0,0.4,0.6,0.0,4-3-3,4-3-3,Matchweek 21,42898.5,David Coote,2021-01-30 15:00:00,1.0,0.0,0,0
Manchester City,Burnley,Away,W,1.0,0.0,0.0,0.4,0.6,0.0,4-3-3,4-3-3,Matchweek 22,35328.818181818184,Martin Atkinson,2021-02-03 18:00:00,0.7272727272727273,0.1818181818181818,0,0
Liverpool,Manchester City,Home,L,0.4,0.4,0.2,1.0,0.0,0.0,4-3-3,4-3-3,Matchweek 23,51029.05882352941,Michael Oliver,2021-02-07 16:30:00,0.4666666666666667,0.2,1,1
Manchester City,Tottenham Hotspur,Home,W,1.0,0.0,0.0,0.4,0.6,0.0,4-3-3,4-2-3-1,Matchweek 24,51635.333333333336,Paul Tierney,2021-02-13 17:30:00,0.5333333333333333,0.1333333333333333,1,1
Everton,Manchester City,Home,L,0.2,0.4,0.4,1.0,0.0,0.0,4-4-1-1,4-3-3,Matchweek 16,43589.0,Andre Marriner,2021-02-17 20:15:00,0.0714285714285714,0.2857142857142857,1,1
Arsenal,Manchester City,Home,L,0.4,0.4,0.2,1.0,0.0,0.0,4-2-3-1,4-3-3,Matchweek 25,56160.05882352941,Jonathan Moss,2021-02-21 16:30:00,0.1333333333333333,0.2666666666666666,1,1
Manchester City,West Ham United,Home,W,1.0,0.0,0.0,0.6,0.2,0.2,4-3-3,3-4-3,Matchweek 26,51325.0,Michael Oliver,2021-02-27 12:30:00,0.7333333333333333,0.1333333333333333,0,0
Manchester City,Wolverhampton Wanderers,Home,W,1.0,0.0,0.0,0.6,0.0,0.4,4-3-3,3-4-3,Matchweek 29,42642.25,Chris Kavanagh,2021-03-02 20:00:00,0.4,0.2,0,0
Manchester City,Manchester United,Home,L,1.0,0.0,0.0,0.2,0.0,0.8,4-2-3-1,4-2-3-1,Matchweek 27,63510.0,Anthony Taylor,2021-03-07 16:30:00,0.4666666666666667,0.2,1,1
Manchester City,Southampton,Home,W,0.8,0.2,0.0,0.2,0.6,0.2,4-3-3,4-4-2,Matchweek 33,42290.76470588235,Jonathan Moss,2021-03-10 18:00:00,0.7333333333333333,0.1333333333333333,0,0
Fulham,Manchester City,Home,L,0.4,0.2,0.4,0.8,0.2,0.0,4-3-3,3-4-3,Matchweek 28,37995.333333333336,Andre Marriner,2021-03-13 20:00:00,0.0,0.0,1,1
Leicester City,Manchester City,Home,L,0.6,0.2,0.2,0.8,0.2,0.0,3-5-2,4-2-3-1,Matchweek 30,42503.0625,Anthony Taylor,2021-04-03 17:30:00,0.3076923076923077,0.0769230769230769,1,1
Leeds United,Manchester City,Away,W,0.4,0.4,0.2,0.8,0.2,0.0,4-1-4-1,4-3-3,Matchweek 31,44616.75,Andre Marriner,2021-04-10 12:30:00,0.0,1.0,1,1
Aston Villa,Manchester City,Home,L,0.2,0.4,0.4,0.6,0.4,0.0,4-1-4-1,4-3-3,Matchweek 32,44673.41666666666,Peter Bankes,2021-04-21 20:15:00,0.1111111111111111,0.1111111111111111,1,1
Crystal Palace,Manchester City,Home,L,0.2,0.6,0.2,0.8,0.2,0.0,4-3-3,4-4-1-1,Matchweek 34,38737.944444444445,David Coote,2021-05-01 12:30:00,0.1333333333333333,0.1333333333333333,1,1
Chelsea,Manchester City,Away,W,0.6,0.2,0.2,0.8,0.2,0.0,3-4-3,3-1-4-2,Matchweek 35,47048.17647058824,Anthony Taylor,2021-05-08 17:30:00,0.4,0.1333333333333333,1,1
Manchester City,Newcastle United,Away,W,0.6,0.4,0.0,0.6,0.2,0.2,4-3-3,5-3-2,Matchweek 36,51040.26666666667,Kevin Friend,2021-05-14 20:00:00,0.7692307692307693,0.1538461538461538,0,0
Brighton and Hove Albion,Manchester City,Home,W,0.2,0.4,0.4,0.6,0.4,0.0,3-5-2,4-3-3,Matchweek 37,7945.0,Stuart Attwell,2021-05-18 19:00:00,0.0,0.0,1,1
Everton,Manchester City,Away,L,0.4,0.4,0.2,0.6,0.4,0.0,4-3-1-2,4-3-3,Matchweek 38,10000.0,Michael Oliver,2021-05-23 16:00:00,0.0666666666666666,0.2666666666666666,1,1
Manchester City,Tottenham Hotspur,Away,L,0.0,0.0,0.0,0.0,0.0,0.0,4-3-3,4-3-3,Matchweek 1,58262.0,Anthony Taylor,2021-08-15 16:30:00,0.5625,0.125,1,1
Manchester City,Norwich City,Home,W,0.0,1.0,0.0,0.0,1.0,0.0,4-3-3,4-3-3,Matchweek 2,51437.0,Graham Scott,2021-08-21 15:00:00,0.5,0.3333333333333333,0,0
Arsenal,Manchester City,Away,L,0.0,1.0,0.0,0.5,0.5,0.0,5-4-1,4-3-3,Matchweek 3,52276.0,Martin Atkinson,2021-08-28 12:30:00,0.125,0.25,1,1
Leicester City,Manchester City,Home,L,0.6666666666666666,0.3333333333333333,0.0,0.6666666666666666,0.3333333333333333,0.0,4-2-3-1,4-3-3,Matchweek 4,32087.0,Paul Tierney,2021-09-11 15:00:00,0.2857142857142857,0.0714285714285714,1,1
Manchester City,Southampton,Home,D,0.75,0.25,0.0,0.0,0.25,0.75,4-3-3,4-4-2,Matchweek 5,52698.0,Jonathan Moss,2021-09-18 15:00:00,0.75,0.125,0,0
Chelsea,Manchester City,Home,L,0.8,0.0,0.2,0.6,0.2,0.2,3-5-2,4-3-3,Matchweek 6,40036.0,Michael Oliver,2021-09-25 12:30:00,0.4375,0.125,1,1
Liverpool,Manchester City,Home,D,0.6,0.0,0.4,0.8,0.0,0.2,4-3-3,4-3-3,Matchweek 7,53102.0,Paul Tierney,2021-10-03 16:30:00,0.4375,0.1875,1,1
Manchester City,Burnley,Home,W,0.6,0.0,0.4,0.0,0.6,0.4,4-3-3,4-3-3,Matchweek 8,52711.0,Martin Atkinson,2021-10-16 15:00:00,0.75,0.1666666666666666,0,0
Brighton and Hove Albion,Manchester City,Home,L,0.4,0.0,0.6,0.6,0.0,0.4,3-5-2,4-3-3,Matchweek 9,31215.0,Kevin Friend,2021-10-23 17:30:00,0.125,0.0,1,1
Crystal Palace,Manchester City,Away,W,0.0,0.2,0.8,0.6,0.0,0.4,4-3-3,4-3-3,Matchweek 10,53014.0,Andre Marriner,2021-10-30 15:00:00,0.125,0.125,1,1
Manchester City,Manchester United,Away,W,0.6,0.2,0.2,0.2,0.6,0.2,4-3-3,3-5-2,Matchweek 11,73086.0,Michael Oliver,2021-11-06 12:30:00,0.4375,0.1875,1,1
Everton,Manchester City,Away,L,0.0,0.6,0.4,0.6,0.2,0.2,4-4-1-1,4-3-3,Matchweek 12,52571.0,Stuart Attwell,2021-11-21 14:00:00,0.0625,0.25,1,1
Manchester City,West Ham United,Home,W,0.8,0.2,0.0,0.8,0.2,0.0,4-3-3,4-2-3-1,Matchweek 13,53245.0,Michael Oliver,2021-11-28 14:00:00,0.75,0.125,0,0
Aston Villa,Manchester City,Home,L,0.4,0.6,0.0,0.8,0.2,0.0,4-3-3,4-2-3-1,Matchweek 14,41400.0,Mike Dean,2021-12-01 20:15:00,0.1,0.1,1,1
Manchester City,Watford,Away,W,0.8,0.2,0.0,0.2,0.8,0.0,4-3-3,4-3-3,Matchweek 15,20673.0,Simon Hooper,2021-12-04 17:30:00,1.0,0.0,0,0
Manchester City,Wolverhampton Wanderers,Home,W,1.0,0.0,0.0,0.2,0.4,0.4,4-3-3,3-5-2,Matchweek 16,52613.0,Jonathan Moss,2021-12-11 12:30:00,0.5,0.1666666666666666,0,0
Leeds United,Manchester City,Away,L,0.2,0.4,0.4,1.0,0.0,0.0,4-2-3-1,4-2-3-1,Matchweek 17,52401.0,Paul Tierney,2021-12-14 20:00:00,0.5,0.5,1,1
Manchester City,Newcastle United,Away,W,1.0,0.0,0.0,0.2,0.6,0.2,4-2-3-1,4-5-1,Matchweek 18,52127.0,Martin Atkinson,2021-12-19 14:15:00,0.7857142857142857,0.1428571428571428,0,0
Leicester City,Manchester City,Away,L,0.4,0.4,0.2,1.0,0.0,0.0,4-4-1-1,4-3-3,Matchweek 19,53226.0,Chris Kavanagh,2021-12-26 15:00:00,0.2666666666666666,0.0666666666666666,1,1
Brentford,Manchester City,Home,L,0.4,0.4,0.2,1.0,0.0,0.0,3-5-2,4-3-3,Matchweek 20,17009.0,David Coote,2021-12-29 20:15:00,0.0,0.0,1,1
Arsenal,Manchester City,Home,L,0.8,0.2,0.0,1.0,0.0,0.0,4-2-3-1,4-2-3-1,Matchweek 21,59757.0,Stuart Attwell,2022-01-01 12:30:00,0.1176470588235294,0.2352941176470588,1,1
Chelsea,Manchester City,Away,L,0.2,0.0,0.8,1.0,0.0,0.0,3-4-3,4-2-3-1,Matchweek 22,53319.0,Craig Pawson,2022-01-15 12:30:00,0.4117647058823529,0.1176470588235294,1,1
Manchester City,Southampton,Away,D,1.0,0.0,0.0,0.4,0.2,0.4,4-3-3,4-4-2,Matchweek 23,31178.0,Simon Hooper,2022-01-22 17:30:00,0.7058823529411765,0.1764705882352941,0,0
Brentford,Manchester City,Away,L,0.2,0.8,0.0,0.8,0.0,0.2,3-5-2,4-3-3,Matchweek 24,51658.0,Darren England,2022-02-09 19:45:00,0.0,0.0,1,1
Manchester City,Norwich City,Away,W,0.8,0.0,0.2,0.2,0.6,0.2,4-3-3,4-3-3,Matchweek 25,27010.0,Andre Marriner,2022-02-12 17:30:00,0.5714285714285714,0.2857142857142857,0,0
Manchester City,Tottenham Hotspur,Home,L,0.8,0.0,0.2,0.4,0.6,0.0,4-3-3,3-4-3,Matchweek 26,53201.0,Anthony Taylor,2022-02-19 17:30:00,0.5294117647058824,0.1176470588235294,1,1
Everton,Manchester City,Home,L,0.2,0.8,0.0,0.6,0.2,0.2,4-3-3,4-3-3,Matchweek 27,39105.0,Paul Tierney,2022-02-26 17:30:00,0.0588235294117647,0.2352941176470588,1,1
Manchester City,Manchester United,Home,W,0.6,0.2,0.2,0.4,0.0,0.6,4-3-3,4-2-3-1,Matchweek 28,53165.0,Michael Oliver,2022-03-06 16:30:00,0.4705882352941176,0.1764705882352941,1,1
Crystal Palace,Manchester City,Home,D,0.4,0.2,0.4,0.8,0.2,0.0,4-3-3,4-3-3,Matchweek 29,25309.0,Martin Atkinson,2022-03-14 20:00:00,0.1764705882352941,0.1176470588235294,1,1
Manchester City,Burnley,Away,W,0.6,0.2,0.2,0.2,0.6,0.2,4-3-3,4-3-3,Matchweek 31,21249.0,Craig Pawson,2022-04-02 15:00:00,0.7692307692307693,0.1538461538461538,0,0
Liverpool,Manchester City,Away,D,1.0,0.0,0.0,0.6,0.2,0.2,4-3-3,4-2-3-1,Matchweek 32,53197.0,Anthony Taylor,2022-04-10 16:30:00,0.4117647058823529,0.2352941176470588,1,1
Brighton and Hove Albion,Manchester City,Away,L,0.4,0.4,0.2,0.6,0.0,0.4,3-5-2,4-3-3,Matchweek 30,52226.0,Mike Dean,2022-04-20 20:00:00,0.1111111111111111,0.0,1,1
Manchester City,Watford,Home,W,0.6,0.0,0.4,0.2,0.8,0.0,4-2-3-1,4-2-3-1,Matchweek 34,53013.0,Kevin Friend,2022-04-23 15:00:00,1.0,0.0,0,0
Leeds United,Manchester City,Home,L,0.6,0.0,0.4,0.6,0.0,0.4,5-4-1,4-2-3-1,Matchweek 35,35771.0,Paul Tierney,2022-04-30 17:30:00,0.3333333333333333,0.3333333333333333,1,1
Manchester City,Newcastle United,Home,W,0.8,0.0,0.2,0.8,0.2,0.0,4-2-3-1,4-3-3,Matchweek 36,53336.0,Stuart Attwell,2022-05-08 16:30:00,0.8,0.1333333333333333,0,0
Manchester City,Wolverhampton Wanderers,Away,W,0.8,0.0,0.2,0.2,0.6,0.2,4-2-3-1,3-5-2,Matchweek 33,32000.0,Martin Atkinson,2022-05-11 20:15:00,0.5714285714285714,0.1428571428571428,0,0
Manchester City,West Ham United,Away,D,1.0,0.0,0.0,0.2,0.6,0.2,4-3-3,4-2-3-1,Matchweek 37,59972.0,Anthony Taylor,2022-05-15 14:00:00,0.7647058823529411,0.1176470588235294,0,0
Aston Villa,Manchester City,Away,L,0.4,0.2,0.4,0.8,0.0,0.2,4-3-2-1,4-3-3,Matchweek 38,53395.0,Michael Oliver,2022-05-22 16:00:00,0.0909090909090909,0.0909090909090909,1,1
Manchester City,West Ham United,Away,W,0.0,0.0,0.0,0.0,0.0,0.0,4-3-3,4-2-3-1,Matchweek 1,62443.0,Michael Oliver,2022-08-07 16:30:00,0.7222222222222222,0.1666666666666666,0,0
Bournemouth,Manchester City,Away,L,1.0,0.0,0.0,1.0,0.0,0.0,3-4-3,4-2-3-1,Matchweek 2,53453.0,David Coote,2022-08-13 15:00:00,0.0,0.0,1,1
Manchester City,Newcastle United,Away,D,1.0,0.0,0.0,0.5,0.0,0.5,4-3-3,4-3-3,Matchweek 3,52258.0,Jarred Gillett,2022-08-21 16:30:00,0.8125,0.125,0,0
Crystal Palace,Manchester City,Away,L,0.3333333333333333,0.3333333333333333,0.3333333333333333,0.6666666666666666,0.0,0.3333333333333333,5-4-1,4-2-3-1,Matchweek 4,53112.0,Darren England,2022-08-27 15:00:00,0.1666666666666666,0.1666666666666666,1,1
Manchester City,Nottingham Forest,Home,W,0.75,0.0,0.25,0.25,0.5,0.25,4-2-3-1,5-3-2,Matchweek 5,53409.0,Paul Tierney,2022-08-31 19:30:00,0.0,0.0,0,0
Aston Villa,Manchester City,Home,D,0.2,0.8,0.0,0.8,0.0,0.2,4-3-2-1,4-3-3,Matchweek 6,41830.0,Simon Hooper,2022-09-03 17:30:00,0.0833333333333333,0.0833333333333333,1,1
Manchester City,Wolverhampton Wanderers,Away,W,0.6,0.0,0.4,0.2,0.2,0.6,4-3-3,4-3-3,Matchweek 8,31578.0,Anthony Taylor,2022-09-17 12:30:00,0.625,0.125,0,0
Manchester City,Manchester United,Home,W,0.6,0.0,0.4,0.8,0.2,0.0,4-3-3,4-2-3-1,Matchweek 9,53475.0,Michael Oliver,2022-10-02 14:00:00,0.5,0.1666666666666666,1,1
Manchester City,Southampton,Home,W,0.8,0.0,0.2,0.2,0.8,0.0,4-2-3-1,4-4-2,Matchweek 10,53365.0,Andy Madley,2022-10-08 15:00:00,0.6666666666666666,0.2222222222222222,0,0
Liverpool,Manchester City,Home,W,0.4,0.2,0.4,0.8,0.0,0.2,4-2-3-1,3-4-3,Matchweek 11,53286.0,Anthony Taylor,2022-10-16 16:30:00,0.3888888888888889,0.2777777777777778,1,1
Brighton and Hove Albion,Manchester City,Away,L,0.2,0.4,0.4,0.6,0.2,0.2,3-4-1-2,4-3-3,Matchweek 13,53223.0,Craig Pawson,2022-10-22 15:00:00,0.1,0.0,1,1
Leicester City,Manchester City,Home,L,0.6,0.2,0.2,0.8,0.2,0.0,3-4-3,4-3-3,Matchweek 14,32223.0,Robert Jones,2022-10-29 12:30:00,0.25,0.0625,1,1
Fulham,Manchester City,Away,L,0.4,0.2,0.4,0.8,0.2,0.0,4-2-3-1,4-3-3,Matchweek 15,52395.0,Darren England,2022-11-05 15:00:00,0.0,0.0,1,1
Brentford,Manchester City,Away,W,0.2,0.2,0.6,0.8,0.2,0.0,3-5-2,4-3-3,Matchweek 16,52786.0,Peter Bankes,2022-11-12 12:30:00,0.0,0.0,1,1
Leeds United,Manchester City,Home,L,0.4,0.6,0.0,0.6,0.4,0.0,4-3-3,4-3-3,Matchweek 17,36889.0,Stuart Attwell,2022-12-28 20:00:00,0.25,0.25,1,1
Everton,Manchester City,Away,D,0.2,0.6,0.2,0.8,0.2,0.0,5-3-2,4-3-3,Matchweek 18,53444.0,Andy Madley,2022-12-31 15:00:00,0.0555555555555555,0.2222222222222222,1,1
Chelsea,Manchester City,Home,L,0.2,0.6,0.2,0.6,0.2,0.2,4-2-3-1,3-2-4-1,Matchweek 19,39998.0,Paul Tierney,2023-01-05 20:00:00,0.3888888888888889,0.1111111111111111,1,1
Manchester City,Manchester United,Away,L,0.6,0.2,0.2,0.8,0.2,0.0,4-3-3,4-2-3-1,Matchweek 20,75546.0,Stuart Attwell,2023-01-14 12:30:00,0.5263157894736842,0.1578947368421052,1,1
Manchester City,Tottenham Hotspur,Home,W,0.4,0.4,0.2,0.4,0.4,0.2,4-2-3-1,3-4-3,Matchweek 7,53088.0,Simon Hooper,2023-01-19 20:00:00,0.5,0.1111111111111111,1,1
Manchester City,Wolverhampton Wanderers,Home,W,0.6,0.2,0.2,0.4,0.4,0.2,3-2-4-1,4-3-3,Matchweek 21,53282.0,David Coote,2023-01-22 14:00:00,0.6666666666666666,0.1111111111111111,0,0
Manchester City,Tottenham Hotspur,Away,L,0.6,0.2,0.2,0.4,0.6,0.0,4-4-2,3-4-3,Matchweek 22,61747.0,Andy Madley,2023-02-05 16:30:00,0.5263157894736842,0.1052631578947368,1,1
Aston Villa,Manchester City,Away,L,0.6,0.2,0.2,0.6,0.4,0.0,4-4-2,3-2-4-1,Matchweek 23,53392.0,Robert Jones,2023-02-12 16:30:00,0.0769230769230769,0.1538461538461538,1,1
Arsenal,Manchester City,Home,L,0.4,0.2,0.4,0.6,0.4,0.0,4-3-3,4-1-4-1,Matchweek 12,60276.0,Anthony Taylor,2023-02-15 19:30:00,0.1111111111111111,0.2222222222222222,1,1
Manchester City,Nottingham Forest,Away,D,0.8,0.2,0.0,0.6,0.2,0.2,3-2-4-1,4-3-2-1,Matchweek 24,29365.0,Graham Scott,2023-02-18 15:00:00,1.0,0.0,0,0
Bournemouth,Manchester City,Home,L,0.2,0.4,0.4,0.6,0.2,0.2,5-4-1,3-2-4-1,Matchweek 25,10481.0,Paul Tierney,2023-02-25 17:30:00,0.0,0.0,1,1
Manchester City,Newcastle United,Home,W,0.6,0.2,0.2,0.2,0.2,0.6,4-2-3-1,4-3-3,Matchweek 26,53419.0,Simon Hooper,2023-03-04 12:30:00,0.7647058823529411,0.1764705882352941,0,0
Crystal Palace,Manchester City,Home,L,0.0,0.4,0.6,0.8,0.0,0.2,4-3-3,4-2-3-1,Matchweek 27,25844.0,Robert Jones,2023-03-11 17:30:00,0.1578947368421052,0.1578947368421052,1,1
Liverpool,Manchester City,Away,L,0.6,0.2,0.2,0.8,0.0,0.2,4-3-3,3-2-4-1,Matchweek 29,52877.0,Simon Hooper,2023-04-01 12:30:00,0.4210526315789473,0.2631578947368421,1,1
Manchester City,Southampton,Away,W,0.8,0.0,0.2,0.2,0.4,0.4,3-2-4-1,4-4-2,Matchweek 30,30963.0,Robert Jones,2023-04-08 17:30:00,0.6842105263157895,0.2105263157894736,0,0
Leicester City,Manchester City,Away,L,0.0,0.8,0.2,1.0,0.0,0.0,3-4-3,3-2-4-1,Matchweek 31,53329.0,Darren England,2023-04-15 17:30:00,0.2352941176470588,0.0588235294117647,1,1
Arsenal,Manchester City,Away,L,0.4,0.0,0.6,1.0,0.0,0.0,4-3-3,4-3-3,Matchweek 33,53482.0,Michael Oliver,2023-04-26 20:00:00,0.1052631578947368,0.2105263157894736,1,1
Fulham,Manchester City,Home,L,0.4,0.6,0.0,1.0,0.0,0.0,4-2-3-1,3-2-4-1,Matchweek 34,24498.0,Simon Hooper,2023-04-30 14:00:00,0.0,0.0,1,1
Manchester City,West Ham United,Home,W,1.0,0.0,0.0,0.4,0.4,0.2,3-2-4-1,4-2-3-1,Matchweek 28,53305.0,John Brooks,2023-05-03 20:00:00,0.7368421052631579,0.1578947368421052,0,0
Leeds United,Manchester City,Away,L,0.0,0.8,0.2,1.0,0.0,0.0,4-2-3-1,3-2-4-1,Matchweek 35,53406.0,Andy Madley,2023-05-06 15:00:00,0.2,0.2,1,1
Everton,Manchester City,Home,L,0.2,0.4,0.4,1.0,0.0,0.0,4-2-3-1,4-2-3-1,Matchweek 36,39376.0,Anthony Taylor,2023-05-14 14:00:00,0.0526315789473684,0.2631578947368421,1,1
Chelsea,Manchester City,Away,L,0.2,0.6,0.2,1.0,0.0,0.0,3-4-1-2,3-4-3,Matchweek 37,53490.0,Michael Oliver,2023-05-21 16:00:00,0.3684210526315789,0.1052631578947368,1,1
Brighton and Hove Albion,Manchester City,Home,D,0.6,0.4,0.0,1.0,0.0,0.0,4-2-3-1,4-3-3,Matchweek 32,31388.0,Simon Hooper,2023-05-24 20:00:00,0.0909090909090909,0.0,1,1
Brentford,Manchester City,Home,W,0.8,0.2,0.0,0.8,0.0,0.2,5-3-2,3-2-4-1,Matchweek 38,17120.0,John Brooks,2023-05-28 16:30:00,0.3333333333333333,0.0,1,1
